,pclouds,sdfs,normals,orig_points,meshes
0,../../data/abc_data/pclouds/0.npy,../../data/abc_data/sdfs/0.npy,../../data/abc_data/normals/0.npy,../../data/abc_data/orig_points/0.npy,../../data/abc_data/meshes/0.obj
1,../../data/abc_data/pclouds/1.npy,../../data/abc_data/sdfs/1.npy,../../data/abc_data/normals/1.npy,../../data/abc_data/orig_points/1.npy,../../data/abc_data/meshes/1.obj
2,../../data/abc_data/pclouds/10.npy,../../data/abc_data/sdfs/10.npy,../../data/abc_data/normals/10.npy,../../data/abc_data/orig_points/10.npy,../../data/abc_data/meshes/10.obj
3,../../data/abc_data/pclouds/100.npy,../../data/abc_data/sdfs/100.npy,../../data/abc_data/normals/100.npy,../../data/abc_data/orig_points/100.npy,../../data/abc_data/meshes/100.obj
4,../../data/abc_data/pclouds/101.npy,../../data/abc_data/sdfs/101.npy,../../data/abc_data/normals/101.npy,../../data/abc_data/orig_points/101.npy,../../data/abc_data/meshes/101.obj
5,../../data/abc_data/pclouds/102.npy,../../data/abc_data/sdfs/102.npy,../../data/abc_data/normals/102.npy,../../data/abc_data/orig_points/102.npy,../../data/abc_data/meshes/102.obj
6,../../data/abc_data/pclouds/103.npy,../../data/abc_data/sdfs/103.npy,../../data/abc_data/normals/103.npy,../../data/abc_data/orig_points/103.npy,../../data/abc_data/meshes/103.obj
7,../../data/abc_data/pclouds/104.npy,../../data/abc_data/sdfs/104.npy,../../data/abc_data/normals/104.npy,../../data/abc_data/orig_points/104.npy,../../data/abc_data/meshes/104.obj
8,../../data/abc_data/pclouds/105.npy,../../data/abc_data/sdfs/105.npy,../../data/abc_data/normals/105.npy,../../data/abc_data/orig_points/105.npy,../../data/abc_data/meshes/105.obj
9,../../data/abc_data/pclouds/106.npy,../../data/abc_data/sdfs/106.npy,../../data/abc_data/normals/106.npy,../../data/abc_data/orig_points/106.npy,../../data/abc_data/meshes/106.obj
10,../../data/abc_data/pclouds/107.npy,../../data/abc_data/sdfs/107.npy,../../data/abc_data/normals/107.npy,../../data/abc_data/orig_points/107.npy,../../data/abc_data/meshes/107.obj
11,../../data/abc_data/pclouds/108.npy,../../data/abc_data/sdfs/108.npy,../../data/abc_data/normals/108.npy,../../data/abc_data/orig_points/108.npy,../../data/abc_data/meshes/108.obj
12,../../data/abc_data/pclouds/109.npy,../../data/abc_data/sdfs/109.npy,../../data/abc_data/normals/109.npy,../../data/abc_data/orig_points/109.npy,../../data/abc_data/meshes/109.obj
13,../../data/abc_data/pclouds/11.npy,../../data/abc_data/sdfs/11.npy,../../data/abc_data/normals/11.npy,../../data/abc_data/orig_points/11.npy,../../data/abc_data/meshes/11.obj
14,../../data/abc_data/pclouds/110.npy,../../data/abc_data/sdfs/110.npy,../../data/abc_data/normals/110.npy,../../data/abc_data/orig_points/110.npy,../../data/abc_data/meshes/110.obj
15,../../data/abc_data/pclouds/111.npy,../../data/abc_data/sdfs/111.npy,../../data/abc_data/normals/111.npy,../../data/abc_data/orig_points/111.npy,../../data/abc_data/meshes/111.obj
16,../../data/abc_data/pclouds/112.npy,../../data/abc_data/sdfs/112.npy,../../data/abc_data/normals/112.npy,../../data/abc_data/orig_points/112.npy,../../data/abc_data/meshes/112.obj
17,../../data/abc_data/pclouds/113.npy,../../data/abc_data/sdfs/113.npy,../../data/abc_data/normals/113.npy,../../data/abc_data/orig_points/113.npy,../../data/abc_data/meshes/113.obj
18,../../data/abc_data/pclouds/114.npy,../../data/abc_data/sdfs/114.npy,../../data/abc_data/normals/114.npy,../../data/abc_data/orig_points/114.npy,../../data/abc_data/meshes/114.obj
19,../../data/abc_data/pclouds/115.npy,../../data/abc_data/sdfs/115.npy,../../data/abc_data/normals/115.npy,../../data/abc_data/orig_points/115.npy,../../data/abc_data/meshes/115.obj
20,../../data/abc_data/pclouds/116.npy,../../data/abc_data/sdfs/116.npy,../../data/abc_data/normals/116.npy,../../data/abc_data/orig_points/116.npy,../../data/abc_data/meshes/116.obj
21,../../data/abc_data/pclouds/117.npy,../../data/abc_data/sdfs/117.npy,../../data/abc_data/normals/117.npy,../../data/abc_data/orig_points/117.npy,../../data/abc_data/meshes/117.obj
22,../../data/abc_data/pclouds/118.npy,../../data/abc_data/sdfs/118.npy,../../data/abc_data/normals/118.npy,../../data/abc_data/orig_points/118.npy,../../data/abc_data/meshes/118.obj
23,../../data/abc_data/pclouds/119.npy,../../data/abc_data/sdfs/119.npy,../../data/abc_data/normals/119.npy,../../data/abc_data/orig_points/119.npy,../../data/abc_data/meshes/119.obj
24,../../data/abc_data/pclouds/12.npy,../../data/abc_data/sdfs/12.npy,../../data/abc_data/normals/12.npy,../../data/abc_data/orig_points/12.npy,../../data/abc_data/meshes/12.obj
25,../../data/abc_data/pclouds/120.npy,../../data/abc_data/sdfs/120.npy,../../data/abc_data/normals/120.npy,../../data/abc_data/orig_points/120.npy,../../data/abc_data/meshes/120.obj
26,../../data/abc_data/pclouds/121.npy,../../data/abc_data/sdfs/121.npy,../../data/abc_data/normals/121.npy,../../data/abc_data/orig_points/121.npy,../../data/abc_data/meshes/121.obj
27,../../data/abc_data/pclouds/122.npy,../../data/abc_data/sdfs/122.npy,../../data/abc_data/normals/122.npy,../../data/abc_data/orig_points/122.npy,../../data/abc_data/meshes/122.obj
28,../../data/abc_data/pclouds/123.npy,../../data/abc_data/sdfs/123.npy,../../data/abc_data/normals/123.npy,../../data/abc_data/orig_points/123.npy,../../data/abc_data/meshes/123.obj
29,../../data/abc_data/pclouds/124.npy,../../data/abc_data/sdfs/124.npy,../../data/abc_data/normals/124.npy,../../data/abc_data/orig_points/124.npy,../../data/abc_data/meshes/124.obj
30,../../data/abc_data/pclouds/125.npy,../../data/abc_data/sdfs/125.npy,../../data/abc_data/normals/125.npy,../../data/abc_data/orig_points/125.npy,../../data/abc_data/meshes/125.obj
31,../../data/abc_data/pclouds/126.npy,../../data/abc_data/sdfs/126.npy,../../data/abc_data/normals/126.npy,../../data/abc_data/orig_points/126.npy,../../data/abc_data/meshes/126.obj
32,../../data/abc_data/pclouds/127.npy,../../data/abc_data/sdfs/127.npy,../../data/abc_data/normals/127.npy,../../data/abc_data/orig_points/127.npy,../../data/abc_data/meshes/127.obj
33,../../data/abc_data/pclouds/128.npy,../../data/abc_data/sdfs/128.npy,../../data/abc_data/normals/128.npy,../../data/abc_data/orig_points/128.npy,../../data/abc_data/meshes/128.obj
34,../../data/abc_data/pclouds/129.npy,../../data/abc_data/sdfs/129.npy,../../data/abc_data/normals/129.npy,../../data/abc_data/orig_points/129.npy,../../data/abc_data/meshes/129.obj
35,../../data/abc_data/pclouds/13.npy,../../data/abc_data/sdfs/13.npy,../../data/abc_data/normals/13.npy,../../data/abc_data/orig_points/13.npy,../../data/abc_data/meshes/13.obj
36,../../data/abc_data/pclouds/130.npy,../../data/abc_data/sdfs/130.npy,../../data/abc_data/normals/130.npy,../../data/abc_data/orig_points/130.npy,../../data/abc_data/meshes/130.obj
37,../../data/abc_data/pclouds/131.npy,../../data/abc_data/sdfs/131.npy,../../data/abc_data/normals/131.npy,../../data/abc_data/orig_points/131.npy,../../data/abc_data/meshes/131.obj
38,../../data/abc_data/pclouds/132.npy,../../data/abc_data/sdfs/132.npy,../../data/abc_data/normals/132.npy,../../data/abc_data/orig_points/132.npy,../../data/abc_data/meshes/132.obj
39,../../data/abc_data/pclouds/133.npy,../../data/abc_data/sdfs/133.npy,../../data/abc_data/normals/133.npy,../../data/abc_data/orig_points/133.npy,../../data/abc_data/meshes/133.obj
40,../../data/abc_data/pclouds/134.npy,../../data/abc_data/sdfs/134.npy,../../data/abc_data/normals/134.npy,../../data/abc_data/orig_points/134.npy,../../data/abc_data/meshes/134.obj
41,../../data/abc_data/pclouds/135.npy,../../data/abc_data/sdfs/135.npy,../../data/abc_data/normals/135.npy,../../data/abc_data/orig_points/135.npy,../../data/abc_data/meshes/135.obj
42,../../data/abc_data/pclouds/136.npy,../../data/abc_data/sdfs/136.npy,../../data/abc_data/normals/136.npy,../../data/abc_data/orig_points/136.npy,../../data/abc_data/meshes/136.obj
43,../../data/abc_data/pclouds/137.npy,../../data/abc_data/sdfs/137.npy,../../data/abc_data/normals/137.npy,../../data/abc_data/orig_points/137.npy,../../data/abc_data/meshes/137.obj
44,../../data/abc_data/pclouds/138.npy,../../data/abc_data/sdfs/138.npy,../../data/abc_data/normals/138.npy,../../data/abc_data/orig_points/138.npy,../../data/abc_data/meshes/138.obj
45,../../data/abc_data/pclouds/139.npy,../../data/abc_data/sdfs/139.npy,../../data/abc_data/normals/139.npy,../../data/abc_data/orig_points/139.npy,../../data/abc_data/meshes/139.obj
46,../../data/abc_data/pclouds/14.npy,../../data/abc_data/sdfs/14.npy,../../data/abc_data/normals/14.npy,../../data/abc_data/orig_points/14.npy,../../data/abc_data/meshes/14.obj
47,../../data/abc_data/pclouds/140.npy,../../data/abc_data/sdfs/140.npy,../../data/abc_data/normals/140.npy,../../data/abc_data/orig_points/140.npy,../../data/abc_data/meshes/140.obj
48,../../data/abc_data/pclouds/141.npy,../../data/abc_data/sdfs/141.npy,../../data/abc_data/normals/141.npy,../../data/abc_data/orig_points/141.npy,../../data/abc_data/meshes/141.obj
49,../../data/abc_data/pclouds/142.npy,../../data/abc_data/sdfs/142.npy,../../data/abc_data/normals/142.npy,../../data/abc_data/orig_points/142.npy,../../data/abc_data/meshes/142.obj
50,../../data/abc_data/pclouds/143.npy,../../data/abc_data/sdfs/143.npy,../../data/abc_data/normals/143.npy,../../data/abc_data/orig_points/143.npy,../../data/abc_data/meshes/143.obj
51,../../data/abc_data/pclouds/144.npy,../../data/abc_data/sdfs/144.npy,../../data/abc_data/normals/144.npy,../../data/abc_data/orig_points/144.npy,../../data/abc_data/meshes/144.obj
52,../../data/abc_data/pclouds/145.npy,../../data/abc_data/sdfs/145.npy,../../data/abc_data/normals/145.npy,../../data/abc_data/orig_points/145.npy,../../data/abc_data/meshes/145.obj
53,../../data/abc_data/pclouds/146.npy,../../data/abc_data/sdfs/146.npy,../../data/abc_data/normals/146.npy,../../data/abc_data/orig_points/146.npy,../../data/abc_data/meshes/146.obj
54,../../data/abc_data/pclouds/147.npy,../../data/abc_data/sdfs/147.npy,../../data/abc_data/normals/147.npy,../../data/abc_data/orig_points/147.npy,../../data/abc_data/meshes/147.obj
55,../../data/abc_data/pclouds/148.npy,../../data/abc_data/sdfs/148.npy,../../data/abc_data/normals/148.npy,../../data/abc_data/orig_points/148.npy,../../data/abc_data/meshes/148.obj
56,../../data/abc_data/pclouds/149.npy,../../data/abc_data/sdfs/149.npy,../../data/abc_data/normals/149.npy,../../data/abc_data/orig_points/149.npy,../../data/abc_data/meshes/149.obj
57,../../data/abc_data/pclouds/15.npy,../../data/abc_data/sdfs/15.npy,../../data/abc_data/normals/15.npy,../../data/abc_data/orig_points/15.npy,../../data/abc_data/meshes/15.obj
58,../../data/abc_data/pclouds/150.npy,../../data/abc_data/sdfs/150.npy,../../data/abc_data/normals/150.npy,../../data/abc_data/orig_points/150.npy,../../data/abc_data/meshes/150.obj
59,../../data/abc_data/pclouds/151.npy,../../data/abc_data/sdfs/151.npy,../../data/abc_data/normals/151.npy,../../data/abc_data/orig_points/151.npy,../../data/abc_data/meshes/151.obj
60,../../data/abc_data/pclouds/152.npy,../../data/abc_data/sdfs/152.npy,../../data/abc_data/normals/152.npy,../../data/abc_data/orig_points/152.npy,../../data/abc_data/meshes/152.obj
61,../../data/abc_data/pclouds/153.npy,../../data/abc_data/sdfs/153.npy,../../data/abc_data/normals/153.npy,../../data/abc_data/orig_points/153.npy,../../data/abc_data/meshes/153.obj
62,../../data/abc_data/pclouds/154.npy,../../data/abc_data/sdfs/154.npy,../../data/abc_data/normals/154.npy,../../data/abc_data/orig_points/154.npy,../../data/abc_data/meshes/154.obj
63,../../data/abc_data/pclouds/155.npy,../../data/abc_data/sdfs/155.npy,../../data/abc_data/normals/155.npy,../../data/abc_data/orig_points/155.npy,../../data/abc_data/meshes/155.obj
64,../../data/abc_data/pclouds/156.npy,../../data/abc_data/sdfs/156.npy,../../data/abc_data/normals/156.npy,../../data/abc_data/orig_points/156.npy,../../data/abc_data/meshes/156.obj
65,../../data/abc_data/pclouds/157.npy,../../data/abc_data/sdfs/157.npy,../../data/abc_data/normals/157.npy,../../data/abc_data/orig_points/157.npy,../../data/abc_data/meshes/157.obj
66,../../data/abc_data/pclouds/158.npy,../../data/abc_data/sdfs/158.npy,../../data/abc_data/normals/158.npy,../../data/abc_data/orig_points/158.npy,../../data/abc_data/meshes/158.obj
67,../../data/abc_data/pclouds/159.npy,../../data/abc_data/sdfs/159.npy,../../data/abc_data/normals/159.npy,../../data/abc_data/orig_points/159.npy,../../data/abc_data/meshes/159.obj
68,../../data/abc_data/pclouds/16.npy,../../data/abc_data/sdfs/16.npy,../../data/abc_data/normals/16.npy,../../data/abc_data/orig_points/16.npy,../../data/abc_data/meshes/16.obj
69,../../data/abc_data/pclouds/160.npy,../../data/abc_data/sdfs/160.npy,../../data/abc_data/normals/160.npy,../../data/abc_data/orig_points/160.npy,../../data/abc_data/meshes/160.obj
70,../../data/abc_data/pclouds/161.npy,../../data/abc_data/sdfs/161.npy,../../data/abc_data/normals/161.npy,../../data/abc_data/orig_points/161.npy,../../data/abc_data/meshes/161.obj
71,../../data/abc_data/pclouds/162.npy,../../data/abc_data/sdfs/162.npy,../../data/abc_data/normals/162.npy,../../data/abc_data/orig_points/162.npy,../../data/abc_data/meshes/162.obj
72,../../data/abc_data/pclouds/163.npy,../../data/abc_data/sdfs/163.npy,../../data/abc_data/normals/163.npy,../../data/abc_data/orig_points/163.npy,../../data/abc_data/meshes/163.obj
73,../../data/abc_data/pclouds/164.npy,../../data/abc_data/sdfs/164.npy,../../data/abc_data/normals/164.npy,../../data/abc_data/orig_points/164.npy,../../data/abc_data/meshes/164.obj
74,../../data/abc_data/pclouds/165.npy,../../data/abc_data/sdfs/165.npy,../../data/abc_data/normals/165.npy,../../data/abc_data/orig_points/165.npy,../../data/abc_data/meshes/165.obj
75,../../data/abc_data/pclouds/166.npy,../../data/abc_data/sdfs/166.npy,../../data/abc_data/normals/166.npy,../../data/abc_data/orig_points/166.npy,../../data/abc_data/meshes/166.obj
76,../../data/abc_data/pclouds/167.npy,../../data/abc_data/sdfs/167.npy,../../data/abc_data/normals/167.npy,../../data/abc_data/orig_points/167.npy,../../data/abc_data/meshes/167.obj
77,../../data/abc_data/pclouds/168.npy,../../data/abc_data/sdfs/168.npy,../../data/abc_data/normals/168.npy,../../data/abc_data/orig_points/168.npy,../../data/abc_data/meshes/168.obj
78,../../data/abc_data/pclouds/169.npy,../../data/abc_data/sdfs/169.npy,../../data/abc_data/normals/169.npy,../../data/abc_data/orig_points/169.npy,../../data/abc_data/meshes/169.obj
79,../../data/abc_data/pclouds/17.npy,../../data/abc_data/sdfs/17.npy,../../data/abc_data/normals/17.npy,../../data/abc_data/orig_points/17.npy,../../data/abc_data/meshes/17.obj
80,../../data/abc_data/pclouds/170.npy,../../data/abc_data/sdfs/170.npy,../../data/abc_data/normals/170.npy,../../data/abc_data/orig_points/170.npy,../../data/abc_data/meshes/170.obj
81,../../data/abc_data/pclouds/171.npy,../../data/abc_data/sdfs/171.npy,../../data/abc_data/normals/171.npy,../../data/abc_data/orig_points/171.npy,../../data/abc_data/meshes/171.obj
82,../../data/abc_data/pclouds/172.npy,../../data/abc_data/sdfs/172.npy,../../data/abc_data/normals/172.npy,../../data/abc_data/orig_points/172.npy,../../data/abc_data/meshes/172.obj
83,../../data/abc_data/pclouds/173.npy,../../data/abc_data/sdfs/173.npy,../../data/abc_data/normals/173.npy,../../data/abc_data/orig_points/173.npy,../../data/abc_data/meshes/173.obj
84,../../data/abc_data/pclouds/174.npy,../../data/abc_data/sdfs/174.npy,../../data/abc_data/normals/174.npy,../../data/abc_data/orig_points/174.npy,../../data/abc_data/meshes/174.obj
85,../../data/abc_data/pclouds/175.npy,../../data/abc_data/sdfs/175.npy,../../data/abc_data/normals/175.npy,../../data/abc_data/orig_points/175.npy,../../data/abc_data/meshes/175.obj
86,../../data/abc_data/pclouds/176.npy,../../data/abc_data/sdfs/176.npy,../../data/abc_data/normals/176.npy,../../data/abc_data/orig_points/176.npy,../../data/abc_data/meshes/176.obj
87,../../data/abc_data/pclouds/177.npy,../../data/abc_data/sdfs/177.npy,../../data/abc_data/normals/177.npy,../../data/abc_data/orig_points/177.npy,../../data/abc_data/meshes/177.obj
88,../../data/abc_data/pclouds/178.npy,../../data/abc_data/sdfs/178.npy,../../data/abc_data/normals/178.npy,../../data/abc_data/orig_points/178.npy,../../data/abc_data/meshes/178.obj
89,../../data/abc_data/pclouds/179.npy,../../data/abc_data/sdfs/179.npy,../../data/abc_data/normals/179.npy,../../data/abc_data/orig_points/179.npy,../../data/abc_data/meshes/179.obj
90,../../data/abc_data/pclouds/18.npy,../../data/abc_data/sdfs/18.npy,../../data/abc_data/normals/18.npy,../../data/abc_data/orig_points/18.npy,../../data/abc_data/meshes/18.obj
91,../../data/abc_data/pclouds/180.npy,../../data/abc_data/sdfs/180.npy,../../data/abc_data/normals/180.npy,../../data/abc_data/orig_points/180.npy,../../data/abc_data/meshes/180.obj
92,../../data/abc_data/pclouds/181.npy,../../data/abc_data/sdfs/181.npy,../../data/abc_data/normals/181.npy,../../data/abc_data/orig_points/181.npy,../../data/abc_data/meshes/181.obj
93,../../data/abc_data/pclouds/182.npy,../../data/abc_data/sdfs/182.npy,../../data/abc_data/normals/182.npy,../../data/abc_data/orig_points/182.npy,../../data/abc_data/meshes/182.obj
94,../../data/abc_data/pclouds/183.npy,../../data/abc_data/sdfs/183.npy,../../data/abc_data/normals/183.npy,../../data/abc_data/orig_points/183.npy,../../data/abc_data/meshes/183.obj
95,../../data/abc_data/pclouds/184.npy,../../data/abc_data/sdfs/184.npy,../../data/abc_data/normals/184.npy,../../data/abc_data/orig_points/184.npy,../../data/abc_data/meshes/184.obj
96,../../data/abc_data/pclouds/185.npy,../../data/abc_data/sdfs/185.npy,../../data/abc_data/normals/185.npy,../../data/abc_data/orig_points/185.npy,../../data/abc_data/meshes/185.obj
97,../../data/abc_data/pclouds/186.npy,../../data/abc_data/sdfs/186.npy,../../data/abc_data/normals/186.npy,../../data/abc_data/orig_points/186.npy,../../data/abc_data/meshes/186.obj
98,../../data/abc_data/pclouds/187.npy,../../data/abc_data/sdfs/187.npy,../../data/abc_data/normals/187.npy,../../data/abc_data/orig_points/187.npy,../../data/abc_data/meshes/187.obj
99,../../data/abc_data/pclouds/188.npy,../../data/abc_data/sdfs/188.npy,../../data/abc_data/normals/188.npy,../../data/abc_data/orig_points/188.npy,../../data/abc_data/meshes/188.obj
100,../../data/abc_data/pclouds/189.npy,../../data/abc_data/sdfs/189.npy,../../data/abc_data/normals/189.npy,../../data/abc_data/orig_points/189.npy,../../data/abc_data/meshes/189.obj
101,../../data/abc_data/pclouds/19.npy,../../data/abc_data/sdfs/19.npy,../../data/abc_data/normals/19.npy,../../data/abc_data/orig_points/19.npy,../../data/abc_data/meshes/19.obj
102,../../data/abc_data/pclouds/190.npy,../../data/abc_data/sdfs/190.npy,../../data/abc_data/normals/190.npy,../../data/abc_data/orig_points/190.npy,../../data/abc_data/meshes/190.obj
103,../../data/abc_data/pclouds/191.npy,../../data/abc_data/sdfs/191.npy,../../data/abc_data/normals/191.npy,../../data/abc_data/orig_points/191.npy,../../data/abc_data/meshes/191.obj
104,../../data/abc_data/pclouds/192.npy,../../data/abc_data/sdfs/192.npy,../../data/abc_data/normals/192.npy,../../data/abc_data/orig_points/192.npy,../../data/abc_data/meshes/192.obj
105,../../data/abc_data/pclouds/193.npy,../../data/abc_data/sdfs/193.npy,../../data/abc_data/normals/193.npy,../../data/abc_data/orig_points/193.npy,../../data/abc_data/meshes/193.obj
106,../../data/abc_data/pclouds/194.npy,../../data/abc_data/sdfs/194.npy,../../data/abc_data/normals/194.npy,../../data/abc_data/orig_points/194.npy,../../data/abc_data/meshes/194.obj
107,../../data/abc_data/pclouds/195.npy,../../data/abc_data/sdfs/195.npy,../../data/abc_data/normals/195.npy,../../data/abc_data/orig_points/195.npy,../../data/abc_data/meshes/195.obj
108,../../data/abc_data/pclouds/196.npy,../../data/abc_data/sdfs/196.npy,../../data/abc_data/normals/196.npy,../../data/abc_data/orig_points/196.npy,../../data/abc_data/meshes/196.obj
109,../../data/abc_data/pclouds/197.npy,../../data/abc_data/sdfs/197.npy,../../data/abc_data/normals/197.npy,../../data/abc_data/orig_points/197.npy,../../data/abc_data/meshes/197.obj
110,../../data/abc_data/pclouds/198.npy,../../data/abc_data/sdfs/198.npy,../../data/abc_data/normals/198.npy,../../data/abc_data/orig_points/198.npy,../../data/abc_data/meshes/198.obj
111,../../data/abc_data/pclouds/199.npy,../../data/abc_data/sdfs/199.npy,../../data/abc_data/normals/199.npy,../../data/abc_data/orig_points/199.npy,../../data/abc_data/meshes/199.obj
112,../../data/abc_data/pclouds/2.npy,../../data/abc_data/sdfs/2.npy,../../data/abc_data/normals/2.npy,../../data/abc_data/orig_points/2.npy,../../data/abc_data/meshes/2.obj
113,../../data/abc_data/pclouds/20.npy,../../data/abc_data/sdfs/20.npy,../../data/abc_data/normals/20.npy,../../data/abc_data/orig_points/20.npy,../../data/abc_data/meshes/20.obj
114,../../data/abc_data/pclouds/200.npy,../../data/abc_data/sdfs/200.npy,../../data/abc_data/normals/200.npy,../../data/abc_data/orig_points/200.npy,../../data/abc_data/meshes/200.obj
115,../../data/abc_data/pclouds/201.npy,../../data/abc_data/sdfs/201.npy,../../data/abc_data/normals/201.npy,../../data/abc_data/orig_points/201.npy,../../data/abc_data/meshes/201.obj
116,../../data/abc_data/pclouds/202.npy,../../data/abc_data/sdfs/202.npy,../../data/abc_data/normals/202.npy,../../data/abc_data/orig_points/202.npy,../../data/abc_data/meshes/202.obj
117,../../data/abc_data/pclouds/203.npy,../../data/abc_data/sdfs/203.npy,../../data/abc_data/normals/203.npy,../../data/abc_data/orig_points/203.npy,../../data/abc_data/meshes/203.obj
118,../../data/abc_data/pclouds/204.npy,../../data/abc_data/sdfs/204.npy,../../data/abc_data/normals/204.npy,../../data/abc_data/orig_points/204.npy,../../data/abc_data/meshes/204.obj
119,../../data/abc_data/pclouds/205.npy,../../data/abc_data/sdfs/205.npy,../../data/abc_data/normals/205.npy,../../data/abc_data/orig_points/205.npy,../../data/abc_data/meshes/205.obj
120,../../data/abc_data/pclouds/206.npy,../../data/abc_data/sdfs/206.npy,../../data/abc_data/normals/206.npy,../../data/abc_data/orig_points/206.npy,../../data/abc_data/meshes/206.obj
121,../../data/abc_data/pclouds/207.npy,../../data/abc_data/sdfs/207.npy,../../data/abc_data/normals/207.npy,../../data/abc_data/orig_points/207.npy,../../data/abc_data/meshes/207.obj
122,../../data/abc_data/pclouds/208.npy,../../data/abc_data/sdfs/208.npy,../../data/abc_data/normals/208.npy,../../data/abc_data/orig_points/208.npy,../../data/abc_data/meshes/208.obj
123,../../data/abc_data/pclouds/209.npy,../../data/abc_data/sdfs/209.npy,../../data/abc_data/normals/209.npy,../../data/abc_data/orig_points/209.npy,../../data/abc_data/meshes/209.obj
124,../../data/abc_data/pclouds/21.npy,../../data/abc_data/sdfs/21.npy,../../data/abc_data/normals/21.npy,../../data/abc_data/orig_points/21.npy,../../data/abc_data/meshes/21.obj
125,../../data/abc_data/pclouds/210.npy,../../data/abc_data/sdfs/210.npy,../../data/abc_data/normals/210.npy,../../data/abc_data/orig_points/210.npy,../../data/abc_data/meshes/210.obj
126,../../data/abc_data/pclouds/211.npy,../../data/abc_data/sdfs/211.npy,../../data/abc_data/normals/211.npy,../../data/abc_data/orig_points/211.npy,../../data/abc_data/meshes/211.obj
127,../../data/abc_data/pclouds/212.npy,../../data/abc_data/sdfs/212.npy,../../data/abc_data/normals/212.npy,../../data/abc_data/orig_points/212.npy,../../data/abc_data/meshes/212.obj
128,../../data/abc_data/pclouds/213.npy,../../data/abc_data/sdfs/213.npy,../../data/abc_data/normals/213.npy,../../data/abc_data/orig_points/213.npy,../../data/abc_data/meshes/213.obj
129,../../data/abc_data/pclouds/214.npy,../../data/abc_data/sdfs/214.npy,../../data/abc_data/normals/214.npy,../../data/abc_data/orig_points/214.npy,../../data/abc_data/meshes/214.obj
130,../../data/abc_data/pclouds/215.npy,../../data/abc_data/sdfs/215.npy,../../data/abc_data/normals/215.npy,../../data/abc_data/orig_points/215.npy,../../data/abc_data/meshes/215.obj
131,../../data/abc_data/pclouds/216.npy,../../data/abc_data/sdfs/216.npy,../../data/abc_data/normals/216.npy,../../data/abc_data/orig_points/216.npy,../../data/abc_data/meshes/216.obj
132,../../data/abc_data/pclouds/217.npy,../../data/abc_data/sdfs/217.npy,../../data/abc_data/normals/217.npy,../../data/abc_data/orig_points/217.npy,../../data/abc_data/meshes/217.obj
133,../../data/abc_data/pclouds/218.npy,../../data/abc_data/sdfs/218.npy,../../data/abc_data/normals/218.npy,../../data/abc_data/orig_points/218.npy,../../data/abc_data/meshes/218.obj
134,../../data/abc_data/pclouds/219.npy,../../data/abc_data/sdfs/219.npy,../../data/abc_data/normals/219.npy,../../data/abc_data/orig_points/219.npy,../../data/abc_data/meshes/219.obj
135,../../data/abc_data/pclouds/22.npy,../../data/abc_data/sdfs/22.npy,../../data/abc_data/normals/22.npy,../../data/abc_data/orig_points/22.npy,../../data/abc_data/meshes/22.obj
136,../../data/abc_data/pclouds/220.npy,../../data/abc_data/sdfs/220.npy,../../data/abc_data/normals/220.npy,../../data/abc_data/orig_points/220.npy,../../data/abc_data/meshes/220.obj
137,../../data/abc_data/pclouds/221.npy,../../data/abc_data/sdfs/221.npy,../../data/abc_data/normals/221.npy,../../data/abc_data/orig_points/221.npy,../../data/abc_data/meshes/221.obj
138,../../data/abc_data/pclouds/222.npy,../../data/abc_data/sdfs/222.npy,../../data/abc_data/normals/222.npy,../../data/abc_data/orig_points/222.npy,../../data/abc_data/meshes/222.obj
139,../../data/abc_data/pclouds/223.npy,../../data/abc_data/sdfs/223.npy,../../data/abc_data/normals/223.npy,../../data/abc_data/orig_points/223.npy,../../data/abc_data/meshes/223.obj
140,../../data/abc_data/pclouds/224.npy,../../data/abc_data/sdfs/224.npy,../../data/abc_data/normals/224.npy,../../data/abc_data/orig_points/224.npy,../../data/abc_data/meshes/224.obj
141,../../data/abc_data/pclouds/225.npy,../../data/abc_data/sdfs/225.npy,../../data/abc_data/normals/225.npy,../../data/abc_data/orig_points/225.npy,../../data/abc_data/meshes/225.obj
142,../../data/abc_data/pclouds/226.npy,../../data/abc_data/sdfs/226.npy,../../data/abc_data/normals/226.npy,../../data/abc_data/orig_points/226.npy,../../data/abc_data/meshes/226.obj
143,../../data/abc_data/pclouds/227.npy,../../data/abc_data/sdfs/227.npy,../../data/abc_data/normals/227.npy,../../data/abc_data/orig_points/227.npy,../../data/abc_data/meshes/227.obj
144,../../data/abc_data/pclouds/228.npy,../../data/abc_data/sdfs/228.npy,../../data/abc_data/normals/228.npy,../../data/abc_data/orig_points/228.npy,../../data/abc_data/meshes/228.obj
145,../../data/abc_data/pclouds/229.npy,../../data/abc_data/sdfs/229.npy,../../data/abc_data/normals/229.npy,../../data/abc_data/orig_points/229.npy,../../data/abc_data/meshes/229.obj
146,../../data/abc_data/pclouds/23.npy,../../data/abc_data/sdfs/23.npy,../../data/abc_data/normals/23.npy,../../data/abc_data/orig_points/23.npy,../../data/abc_data/meshes/23.obj
147,../../data/abc_data/pclouds/230.npy,../../data/abc_data/sdfs/230.npy,../../data/abc_data/normals/230.npy,../../data/abc_data/orig_points/230.npy,../../data/abc_data/meshes/230.obj
148,../../data/abc_data/pclouds/231.npy,../../data/abc_data/sdfs/231.npy,../../data/abc_data/normals/231.npy,../../data/abc_data/orig_points/231.npy,../../data/abc_data/meshes/231.obj
149,../../data/abc_data/pclouds/232.npy,../../data/abc_data/sdfs/232.npy,../../data/abc_data/normals/232.npy,../../data/abc_data/orig_points/232.npy,../../data/abc_data/meshes/232.obj
150,../../data/abc_data/pclouds/233.npy,../../data/abc_data/sdfs/233.npy,../../data/abc_data/normals/233.npy,../../data/abc_data/orig_points/233.npy,../../data/abc_data/meshes/233.obj
151,../../data/abc_data/pclouds/234.npy,../../data/abc_data/sdfs/234.npy,../../data/abc_data/normals/234.npy,../../data/abc_data/orig_points/234.npy,../../data/abc_data/meshes/234.obj
152,../../data/abc_data/pclouds/235.npy,../../data/abc_data/sdfs/235.npy,../../data/abc_data/normals/235.npy,../../data/abc_data/orig_points/235.npy,../../data/abc_data/meshes/235.obj
153,../../data/abc_data/pclouds/236.npy,../../data/abc_data/sdfs/236.npy,../../data/abc_data/normals/236.npy,../../data/abc_data/orig_points/236.npy,../../data/abc_data/meshes/236.obj
154,../../data/abc_data/pclouds/237.npy,../../data/abc_data/sdfs/237.npy,../../data/abc_data/normals/237.npy,../../data/abc_data/orig_points/237.npy,../../data/abc_data/meshes/237.obj
155,../../data/abc_data/pclouds/238.npy,../../data/abc_data/sdfs/238.npy,../../data/abc_data/normals/238.npy,../../data/abc_data/orig_points/238.npy,../../data/abc_data/meshes/238.obj
156,../../data/abc_data/pclouds/239.npy,../../data/abc_data/sdfs/239.npy,../../data/abc_data/normals/239.npy,../../data/abc_data/orig_points/239.npy,../../data/abc_data/meshes/239.obj
157,../../data/abc_data/pclouds/24.npy,../../data/abc_data/sdfs/24.npy,../../data/abc_data/normals/24.npy,../../data/abc_data/orig_points/24.npy,../../data/abc_data/meshes/24.obj
158,../../data/abc_data/pclouds/240.npy,../../data/abc_data/sdfs/240.npy,../../data/abc_data/normals/240.npy,../../data/abc_data/orig_points/240.npy,../../data/abc_data/meshes/240.obj
159,../../data/abc_data/pclouds/241.npy,../../data/abc_data/sdfs/241.npy,../../data/abc_data/normals/241.npy,../../data/abc_data/orig_points/241.npy,../../data/abc_data/meshes/241.obj
160,../../data/abc_data/pclouds/242.npy,../../data/abc_data/sdfs/242.npy,../../data/abc_data/normals/242.npy,../../data/abc_data/orig_points/242.npy,../../data/abc_data/meshes/242.obj
161,../../data/abc_data/pclouds/243.npy,../../data/abc_data/sdfs/243.npy,../../data/abc_data/normals/243.npy,../../data/abc_data/orig_points/243.npy,../../data/abc_data/meshes/243.obj
162,../../data/abc_data/pclouds/244.npy,../../data/abc_data/sdfs/244.npy,../../data/abc_data/normals/244.npy,../../data/abc_data/orig_points/244.npy,../../data/abc_data/meshes/244.obj
163,../../data/abc_data/pclouds/245.npy,../../data/abc_data/sdfs/245.npy,../../data/abc_data/normals/245.npy,../../data/abc_data/orig_points/245.npy,../../data/abc_data/meshes/245.obj
164,../../data/abc_data/pclouds/246.npy,../../data/abc_data/sdfs/246.npy,../../data/abc_data/normals/246.npy,../../data/abc_data/orig_points/246.npy,../../data/abc_data/meshes/246.obj
165,../../data/abc_data/pclouds/247.npy,../../data/abc_data/sdfs/247.npy,../../data/abc_data/normals/247.npy,../../data/abc_data/orig_points/247.npy,../../data/abc_data/meshes/247.obj
166,../../data/abc_data/pclouds/248.npy,../../data/abc_data/sdfs/248.npy,../../data/abc_data/normals/248.npy,../../data/abc_data/orig_points/248.npy,../../data/abc_data/meshes/248.obj
167,../../data/abc_data/pclouds/249.npy,../../data/abc_data/sdfs/249.npy,../../data/abc_data/normals/249.npy,../../data/abc_data/orig_points/249.npy,../../data/abc_data/meshes/249.obj
168,../../data/abc_data/pclouds/25.npy,../../data/abc_data/sdfs/25.npy,../../data/abc_data/normals/25.npy,../../data/abc_data/orig_points/25.npy,../../data/abc_data/meshes/25.obj
169,../../data/abc_data/pclouds/250.npy,../../data/abc_data/sdfs/250.npy,../../data/abc_data/normals/250.npy,../../data/abc_data/orig_points/250.npy,../../data/abc_data/meshes/250.obj
170,../../data/abc_data/pclouds/251.npy,../../data/abc_data/sdfs/251.npy,../../data/abc_data/normals/251.npy,../../data/abc_data/orig_points/251.npy,../../data/abc_data/meshes/251.obj
171,../../data/abc_data/pclouds/252.npy,../../data/abc_data/sdfs/252.npy,../../data/abc_data/normals/252.npy,../../data/abc_data/orig_points/252.npy,../../data/abc_data/meshes/252.obj
172,../../data/abc_data/pclouds/253.npy,../../data/abc_data/sdfs/253.npy,../../data/abc_data/normals/253.npy,../../data/abc_data/orig_points/253.npy,../../data/abc_data/meshes/253.obj
173,../../data/abc_data/pclouds/254.npy,../../data/abc_data/sdfs/254.npy,../../data/abc_data/normals/254.npy,../../data/abc_data/orig_points/254.npy,../../data/abc_data/meshes/254.obj
174,../../data/abc_data/pclouds/255.npy,../../data/abc_data/sdfs/255.npy,../../data/abc_data/normals/255.npy,../../data/abc_data/orig_points/255.npy,../../data/abc_data/meshes/255.obj
175,../../data/abc_data/pclouds/256.npy,../../data/abc_data/sdfs/256.npy,../../data/abc_data/normals/256.npy,../../data/abc_data/orig_points/256.npy,../../data/abc_data/meshes/256.obj
176,../../data/abc_data/pclouds/257.npy,../../data/abc_data/sdfs/257.npy,../../data/abc_data/normals/257.npy,../../data/abc_data/orig_points/257.npy,../../data/abc_data/meshes/257.obj
177,../../data/abc_data/pclouds/258.npy,../../data/abc_data/sdfs/258.npy,../../data/abc_data/normals/258.npy,../../data/abc_data/orig_points/258.npy,../../data/abc_data/meshes/258.obj
178,../../data/abc_data/pclouds/259.npy,../../data/abc_data/sdfs/259.npy,../../data/abc_data/normals/259.npy,../../data/abc_data/orig_points/259.npy,../../data/abc_data/meshes/259.obj
179,../../data/abc_data/pclouds/26.npy,../../data/abc_data/sdfs/26.npy,../../data/abc_data/normals/26.npy,../../data/abc_data/orig_points/26.npy,../../data/abc_data/meshes/26.obj
180,../../data/abc_data/pclouds/260.npy,../../data/abc_data/sdfs/260.npy,../../data/abc_data/normals/260.npy,../../data/abc_data/orig_points/260.npy,../../data/abc_data/meshes/260.obj
181,../../data/abc_data/pclouds/261.npy,../../data/abc_data/sdfs/261.npy,../../data/abc_data/normals/261.npy,../../data/abc_data/orig_points/261.npy,../../data/abc_data/meshes/261.obj
182,../../data/abc_data/pclouds/262.npy,../../data/abc_data/sdfs/262.npy,../../data/abc_data/normals/262.npy,../../data/abc_data/orig_points/262.npy,../../data/abc_data/meshes/262.obj
183,../../data/abc_data/pclouds/263.npy,../../data/abc_data/sdfs/263.npy,../../data/abc_data/normals/263.npy,../../data/abc_data/orig_points/263.npy,../../data/abc_data/meshes/263.obj
184,../../data/abc_data/pclouds/264.npy,../../data/abc_data/sdfs/264.npy,../../data/abc_data/normals/264.npy,../../data/abc_data/orig_points/264.npy,../../data/abc_data/meshes/264.obj
185,../../data/abc_data/pclouds/265.npy,../../data/abc_data/sdfs/265.npy,../../data/abc_data/normals/265.npy,../../data/abc_data/orig_points/265.npy,../../data/abc_data/meshes/265.obj
186,../../data/abc_data/pclouds/266.npy,../../data/abc_data/sdfs/266.npy,../../data/abc_data/normals/266.npy,../../data/abc_data/orig_points/266.npy,../../data/abc_data/meshes/266.obj
187,../../data/abc_data/pclouds/267.npy,../../data/abc_data/sdfs/267.npy,../../data/abc_data/normals/267.npy,../../data/abc_data/orig_points/267.npy,../../data/abc_data/meshes/267.obj
188,../../data/abc_data/pclouds/268.npy,../../data/abc_data/sdfs/268.npy,../../data/abc_data/normals/268.npy,../../data/abc_data/orig_points/268.npy,../../data/abc_data/meshes/268.obj
189,../../data/abc_data/pclouds/269.npy,../../data/abc_data/sdfs/269.npy,../../data/abc_data/normals/269.npy,../../data/abc_data/orig_points/269.npy,../../data/abc_data/meshes/269.obj
190,../../data/abc_data/pclouds/27.npy,../../data/abc_data/sdfs/27.npy,../../data/abc_data/normals/27.npy,../../data/abc_data/orig_points/27.npy,../../data/abc_data/meshes/27.obj
191,../../data/abc_data/pclouds/270.npy,../../data/abc_data/sdfs/270.npy,../../data/abc_data/normals/270.npy,../../data/abc_data/orig_points/270.npy,../../data/abc_data/meshes/270.obj
192,../../data/abc_data/pclouds/271.npy,../../data/abc_data/sdfs/271.npy,../../data/abc_data/normals/271.npy,../../data/abc_data/orig_points/271.npy,../../data/abc_data/meshes/271.obj
193,../../data/abc_data/pclouds/272.npy,../../data/abc_data/sdfs/272.npy,../../data/abc_data/normals/272.npy,../../data/abc_data/orig_points/272.npy,../../data/abc_data/meshes/272.obj
194,../../data/abc_data/pclouds/273.npy,../../data/abc_data/sdfs/273.npy,../../data/abc_data/normals/273.npy,../../data/abc_data/orig_points/273.npy,../../data/abc_data/meshes/273.obj
195,../../data/abc_data/pclouds/274.npy,../../data/abc_data/sdfs/274.npy,../../data/abc_data/normals/274.npy,../../data/abc_data/orig_points/274.npy,../../data/abc_data/meshes/274.obj
196,../../data/abc_data/pclouds/275.npy,../../data/abc_data/sdfs/275.npy,../../data/abc_data/normals/275.npy,../../data/abc_data/orig_points/275.npy,../../data/abc_data/meshes/275.obj
197,../../data/abc_data/pclouds/276.npy,../../data/abc_data/sdfs/276.npy,../../data/abc_data/normals/276.npy,../../data/abc_data/orig_points/276.npy,../../data/abc_data/meshes/276.obj
198,../../data/abc_data/pclouds/277.npy,../../data/abc_data/sdfs/277.npy,../../data/abc_data/normals/277.npy,../../data/abc_data/orig_points/277.npy,../../data/abc_data/meshes/277.obj
199,../../data/abc_data/pclouds/278.npy,../../data/abc_data/sdfs/278.npy,../../data/abc_data/normals/278.npy,../../data/abc_data/orig_points/278.npy,../../data/abc_data/meshes/278.obj
200,../../data/abc_data/pclouds/279.npy,../../data/abc_data/sdfs/279.npy,../../data/abc_data/normals/279.npy,../../data/abc_data/orig_points/279.npy,../../data/abc_data/meshes/279.obj
201,../../data/abc_data/pclouds/28.npy,../../data/abc_data/sdfs/28.npy,../../data/abc_data/normals/28.npy,../../data/abc_data/orig_points/28.npy,../../data/abc_data/meshes/28.obj
202,../../data/abc_data/pclouds/280.npy,../../data/abc_data/sdfs/280.npy,../../data/abc_data/normals/280.npy,../../data/abc_data/orig_points/280.npy,../../data/abc_data/meshes/280.obj
203,../../data/abc_data/pclouds/281.npy,../../data/abc_data/sdfs/281.npy,../../data/abc_data/normals/281.npy,../../data/abc_data/orig_points/281.npy,../../data/abc_data/meshes/281.obj
204,../../data/abc_data/pclouds/282.npy,../../data/abc_data/sdfs/282.npy,../../data/abc_data/normals/282.npy,../../data/abc_data/orig_points/282.npy,../../data/abc_data/meshes/282.obj
205,../../data/abc_data/pclouds/283.npy,../../data/abc_data/sdfs/283.npy,../../data/abc_data/normals/283.npy,../../data/abc_data/orig_points/283.npy,../../data/abc_data/meshes/283.obj
206,../../data/abc_data/pclouds/284.npy,../../data/abc_data/sdfs/284.npy,../../data/abc_data/normals/284.npy,../../data/abc_data/orig_points/284.npy,../../data/abc_data/meshes/284.obj
207,../../data/abc_data/pclouds/285.npy,../../data/abc_data/sdfs/285.npy,../../data/abc_data/normals/285.npy,../../data/abc_data/orig_points/285.npy,../../data/abc_data/meshes/285.obj
208,../../data/abc_data/pclouds/286.npy,../../data/abc_data/sdfs/286.npy,../../data/abc_data/normals/286.npy,../../data/abc_data/orig_points/286.npy,../../data/abc_data/meshes/286.obj
209,../../data/abc_data/pclouds/287.npy,../../data/abc_data/sdfs/287.npy,../../data/abc_data/normals/287.npy,../../data/abc_data/orig_points/287.npy,../../data/abc_data/meshes/287.obj
210,../../data/abc_data/pclouds/288.npy,../../data/abc_data/sdfs/288.npy,../../data/abc_data/normals/288.npy,../../data/abc_data/orig_points/288.npy,../../data/abc_data/meshes/288.obj
211,../../data/abc_data/pclouds/289.npy,../../data/abc_data/sdfs/289.npy,../../data/abc_data/normals/289.npy,../../data/abc_data/orig_points/289.npy,../../data/abc_data/meshes/289.obj
212,../../data/abc_data/pclouds/29.npy,../../data/abc_data/sdfs/29.npy,../../data/abc_data/normals/29.npy,../../data/abc_data/orig_points/29.npy,../../data/abc_data/meshes/29.obj
213,../../data/abc_data/pclouds/290.npy,../../data/abc_data/sdfs/290.npy,../../data/abc_data/normals/290.npy,../../data/abc_data/orig_points/290.npy,../../data/abc_data/meshes/290.obj
214,../../data/abc_data/pclouds/291.npy,../../data/abc_data/sdfs/291.npy,../../data/abc_data/normals/291.npy,../../data/abc_data/orig_points/291.npy,../../data/abc_data/meshes/291.obj
215,../../data/abc_data/pclouds/292.npy,../../data/abc_data/sdfs/292.npy,../../data/abc_data/normals/292.npy,../../data/abc_data/orig_points/292.npy,../../data/abc_data/meshes/292.obj
216,../../data/abc_data/pclouds/293.npy,../../data/abc_data/sdfs/293.npy,../../data/abc_data/normals/293.npy,../../data/abc_data/orig_points/293.npy,../../data/abc_data/meshes/293.obj
217,../../data/abc_data/pclouds/294.npy,../../data/abc_data/sdfs/294.npy,../../data/abc_data/normals/294.npy,../../data/abc_data/orig_points/294.npy,../../data/abc_data/meshes/294.obj
218,../../data/abc_data/pclouds/295.npy,../../data/abc_data/sdfs/295.npy,../../data/abc_data/normals/295.npy,../../data/abc_data/orig_points/295.npy,../../data/abc_data/meshes/295.obj
219,../../data/abc_data/pclouds/296.npy,../../data/abc_data/sdfs/296.npy,../../data/abc_data/normals/296.npy,../../data/abc_data/orig_points/296.npy,../../data/abc_data/meshes/296.obj
220,../../data/abc_data/pclouds/297.npy,../../data/abc_data/sdfs/297.npy,../../data/abc_data/normals/297.npy,../../data/abc_data/orig_points/297.npy,../../data/abc_data/meshes/297.obj
221,../../data/abc_data/pclouds/298.npy,../../data/abc_data/sdfs/298.npy,../../data/abc_data/normals/298.npy,../../data/abc_data/orig_points/298.npy,../../data/abc_data/meshes/298.obj
222,../../data/abc_data/pclouds/299.npy,../../data/abc_data/sdfs/299.npy,../../data/abc_data/normals/299.npy,../../data/abc_data/orig_points/299.npy,../../data/abc_data/meshes/299.obj
223,../../data/abc_data/pclouds/3.npy,../../data/abc_data/sdfs/3.npy,../../data/abc_data/normals/3.npy,../../data/abc_data/orig_points/3.npy,../../data/abc_data/meshes/3.obj
224,../../data/abc_data/pclouds/30.npy,../../data/abc_data/sdfs/30.npy,../../data/abc_data/normals/30.npy,../../data/abc_data/orig_points/30.npy,../../data/abc_data/meshes/30.obj
225,../../data/abc_data/pclouds/300.npy,../../data/abc_data/sdfs/300.npy,../../data/abc_data/normals/300.npy,../../data/abc_data/orig_points/300.npy,../../data/abc_data/meshes/300.obj
226,../../data/abc_data/pclouds/301.npy,../../data/abc_data/sdfs/301.npy,../../data/abc_data/normals/301.npy,../../data/abc_data/orig_points/301.npy,../../data/abc_data/meshes/301.obj
227,../../data/abc_data/pclouds/302.npy,../../data/abc_data/sdfs/302.npy,../../data/abc_data/normals/302.npy,../../data/abc_data/orig_points/302.npy,../../data/abc_data/meshes/302.obj
228,../../data/abc_data/pclouds/303.npy,../../data/abc_data/sdfs/303.npy,../../data/abc_data/normals/303.npy,../../data/abc_data/orig_points/303.npy,../../data/abc_data/meshes/303.obj
229,../../data/abc_data/pclouds/304.npy,../../data/abc_data/sdfs/304.npy,../../data/abc_data/normals/304.npy,../../data/abc_data/orig_points/304.npy,../../data/abc_data/meshes/304.obj
230,../../data/abc_data/pclouds/305.npy,../../data/abc_data/sdfs/305.npy,../../data/abc_data/normals/305.npy,../../data/abc_data/orig_points/305.npy,../../data/abc_data/meshes/305.obj
231,../../data/abc_data/pclouds/306.npy,../../data/abc_data/sdfs/306.npy,../../data/abc_data/normals/306.npy,../../data/abc_data/orig_points/306.npy,../../data/abc_data/meshes/306.obj
232,../../data/abc_data/pclouds/307.npy,../../data/abc_data/sdfs/307.npy,../../data/abc_data/normals/307.npy,../../data/abc_data/orig_points/307.npy,../../data/abc_data/meshes/307.obj
233,../../data/abc_data/pclouds/308.npy,../../data/abc_data/sdfs/308.npy,../../data/abc_data/normals/308.npy,../../data/abc_data/orig_points/308.npy,../../data/abc_data/meshes/308.obj
234,../../data/abc_data/pclouds/309.npy,../../data/abc_data/sdfs/309.npy,../../data/abc_data/normals/309.npy,../../data/abc_data/orig_points/309.npy,../../data/abc_data/meshes/309.obj
235,../../data/abc_data/pclouds/31.npy,../../data/abc_data/sdfs/31.npy,../../data/abc_data/normals/31.npy,../../data/abc_data/orig_points/31.npy,../../data/abc_data/meshes/31.obj
236,../../data/abc_data/pclouds/310.npy,../../data/abc_data/sdfs/310.npy,../../data/abc_data/normals/310.npy,../../data/abc_data/orig_points/310.npy,../../data/abc_data/meshes/310.obj
237,../../data/abc_data/pclouds/311.npy,../../data/abc_data/sdfs/311.npy,../../data/abc_data/normals/311.npy,../../data/abc_data/orig_points/311.npy,../../data/abc_data/meshes/311.obj
238,../../data/abc_data/pclouds/312.npy,../../data/abc_data/sdfs/312.npy,../../data/abc_data/normals/312.npy,../../data/abc_data/orig_points/312.npy,../../data/abc_data/meshes/312.obj
239,../../data/abc_data/pclouds/313.npy,../../data/abc_data/sdfs/313.npy,../../data/abc_data/normals/313.npy,../../data/abc_data/orig_points/313.npy,../../data/abc_data/meshes/313.obj
240,../../data/abc_data/pclouds/314.npy,../../data/abc_data/sdfs/314.npy,../../data/abc_data/normals/314.npy,../../data/abc_data/orig_points/314.npy,../../data/abc_data/meshes/314.obj
241,../../data/abc_data/pclouds/315.npy,../../data/abc_data/sdfs/315.npy,../../data/abc_data/normals/315.npy,../../data/abc_data/orig_points/315.npy,../../data/abc_data/meshes/315.obj
242,../../data/abc_data/pclouds/316.npy,../../data/abc_data/sdfs/316.npy,../../data/abc_data/normals/316.npy,../../data/abc_data/orig_points/316.npy,../../data/abc_data/meshes/316.obj
243,../../data/abc_data/pclouds/317.npy,../../data/abc_data/sdfs/317.npy,../../data/abc_data/normals/317.npy,../../data/abc_data/orig_points/317.npy,../../data/abc_data/meshes/317.obj
244,../../data/abc_data/pclouds/318.npy,../../data/abc_data/sdfs/318.npy,../../data/abc_data/normals/318.npy,../../data/abc_data/orig_points/318.npy,../../data/abc_data/meshes/318.obj
245,../../data/abc_data/pclouds/319.npy,../../data/abc_data/sdfs/319.npy,../../data/abc_data/normals/319.npy,../../data/abc_data/orig_points/319.npy,../../data/abc_data/meshes/319.obj
246,../../data/abc_data/pclouds/32.npy,../../data/abc_data/sdfs/32.npy,../../data/abc_data/normals/32.npy,../../data/abc_data/orig_points/32.npy,../../data/abc_data/meshes/32.obj
247,../../data/abc_data/pclouds/320.npy,../../data/abc_data/sdfs/320.npy,../../data/abc_data/normals/320.npy,../../data/abc_data/orig_points/320.npy,../../data/abc_data/meshes/320.obj
248,../../data/abc_data/pclouds/321.npy,../../data/abc_data/sdfs/321.npy,../../data/abc_data/normals/321.npy,../../data/abc_data/orig_points/321.npy,../../data/abc_data/meshes/321.obj
249,../../data/abc_data/pclouds/322.npy,../../data/abc_data/sdfs/322.npy,../../data/abc_data/normals/322.npy,../../data/abc_data/orig_points/322.npy,../../data/abc_data/meshes/322.obj
250,../../data/abc_data/pclouds/323.npy,../../data/abc_data/sdfs/323.npy,../../data/abc_data/normals/323.npy,../../data/abc_data/orig_points/323.npy,../../data/abc_data/meshes/323.obj
251,../../data/abc_data/pclouds/324.npy,../../data/abc_data/sdfs/324.npy,../../data/abc_data/normals/324.npy,../../data/abc_data/orig_points/324.npy,../../data/abc_data/meshes/324.obj
252,../../data/abc_data/pclouds/325.npy,../../data/abc_data/sdfs/325.npy,../../data/abc_data/normals/325.npy,../../data/abc_data/orig_points/325.npy,../../data/abc_data/meshes/325.obj
253,../../data/abc_data/pclouds/326.npy,../../data/abc_data/sdfs/326.npy,../../data/abc_data/normals/326.npy,../../data/abc_data/orig_points/326.npy,../../data/abc_data/meshes/326.obj
254,../../data/abc_data/pclouds/327.npy,../../data/abc_data/sdfs/327.npy,../../data/abc_data/normals/327.npy,../../data/abc_data/orig_points/327.npy,../../data/abc_data/meshes/327.obj
255,../../data/abc_data/pclouds/328.npy,../../data/abc_data/sdfs/328.npy,../../data/abc_data/normals/328.npy,../../data/abc_data/orig_points/328.npy,../../data/abc_data/meshes/328.obj
256,../../data/abc_data/pclouds/329.npy,../../data/abc_data/sdfs/329.npy,../../data/abc_data/normals/329.npy,../../data/abc_data/orig_points/329.npy,../../data/abc_data/meshes/329.obj
257,../../data/abc_data/pclouds/33.npy,../../data/abc_data/sdfs/33.npy,../../data/abc_data/normals/33.npy,../../data/abc_data/orig_points/33.npy,../../data/abc_data/meshes/33.obj
258,../../data/abc_data/pclouds/330.npy,../../data/abc_data/sdfs/330.npy,../../data/abc_data/normals/330.npy,../../data/abc_data/orig_points/330.npy,../../data/abc_data/meshes/330.obj
259,../../data/abc_data/pclouds/331.npy,../../data/abc_data/sdfs/331.npy,../../data/abc_data/normals/331.npy,../../data/abc_data/orig_points/331.npy,../../data/abc_data/meshes/331.obj
260,../../data/abc_data/pclouds/332.npy,../../data/abc_data/sdfs/332.npy,../../data/abc_data/normals/332.npy,../../data/abc_data/orig_points/332.npy,../../data/abc_data/meshes/332.obj
261,../../data/abc_data/pclouds/333.npy,../../data/abc_data/sdfs/333.npy,../../data/abc_data/normals/333.npy,../../data/abc_data/orig_points/333.npy,../../data/abc_data/meshes/333.obj
262,../../data/abc_data/pclouds/334.npy,../../data/abc_data/sdfs/334.npy,../../data/abc_data/normals/334.npy,../../data/abc_data/orig_points/334.npy,../../data/abc_data/meshes/334.obj
263,../../data/abc_data/pclouds/335.npy,../../data/abc_data/sdfs/335.npy,../../data/abc_data/normals/335.npy,../../data/abc_data/orig_points/335.npy,../../data/abc_data/meshes/335.obj
264,../../data/abc_data/pclouds/336.npy,../../data/abc_data/sdfs/336.npy,../../data/abc_data/normals/336.npy,../../data/abc_data/orig_points/336.npy,../../data/abc_data/meshes/336.obj
265,../../data/abc_data/pclouds/337.npy,../../data/abc_data/sdfs/337.npy,../../data/abc_data/normals/337.npy,../../data/abc_data/orig_points/337.npy,../../data/abc_data/meshes/337.obj
266,../../data/abc_data/pclouds/338.npy,../../data/abc_data/sdfs/338.npy,../../data/abc_data/normals/338.npy,../../data/abc_data/orig_points/338.npy,../../data/abc_data/meshes/338.obj
267,../../data/abc_data/pclouds/339.npy,../../data/abc_data/sdfs/339.npy,../../data/abc_data/normals/339.npy,../../data/abc_data/orig_points/339.npy,../../data/abc_data/meshes/339.obj
268,../../data/abc_data/pclouds/34.npy,../../data/abc_data/sdfs/34.npy,../../data/abc_data/normals/34.npy,../../data/abc_data/orig_points/34.npy,../../data/abc_data/meshes/34.obj
269,../../data/abc_data/pclouds/340.npy,../../data/abc_data/sdfs/340.npy,../../data/abc_data/normals/340.npy,../../data/abc_data/orig_points/340.npy,../../data/abc_data/meshes/340.obj
270,../../data/abc_data/pclouds/341.npy,../../data/abc_data/sdfs/341.npy,../../data/abc_data/normals/341.npy,../../data/abc_data/orig_points/341.npy,../../data/abc_data/meshes/341.obj
271,../../data/abc_data/pclouds/342.npy,../../data/abc_data/sdfs/342.npy,../../data/abc_data/normals/342.npy,../../data/abc_data/orig_points/342.npy,../../data/abc_data/meshes/342.obj
272,../../data/abc_data/pclouds/343.npy,../../data/abc_data/sdfs/343.npy,../../data/abc_data/normals/343.npy,../../data/abc_data/orig_points/343.npy,../../data/abc_data/meshes/343.obj
273,../../data/abc_data/pclouds/344.npy,../../data/abc_data/sdfs/344.npy,../../data/abc_data/normals/344.npy,../../data/abc_data/orig_points/344.npy,../../data/abc_data/meshes/344.obj
274,../../data/abc_data/pclouds/345.npy,../../data/abc_data/sdfs/345.npy,../../data/abc_data/normals/345.npy,../../data/abc_data/orig_points/345.npy,../../data/abc_data/meshes/345.obj
275,../../data/abc_data/pclouds/346.npy,../../data/abc_data/sdfs/346.npy,../../data/abc_data/normals/346.npy,../../data/abc_data/orig_points/346.npy,../../data/abc_data/meshes/346.obj
276,../../data/abc_data/pclouds/347.npy,../../data/abc_data/sdfs/347.npy,../../data/abc_data/normals/347.npy,../../data/abc_data/orig_points/347.npy,../../data/abc_data/meshes/347.obj
277,../../data/abc_data/pclouds/348.npy,../../data/abc_data/sdfs/348.npy,../../data/abc_data/normals/348.npy,../../data/abc_data/orig_points/348.npy,../../data/abc_data/meshes/348.obj
278,../../data/abc_data/pclouds/349.npy,../../data/abc_data/sdfs/349.npy,../../data/abc_data/normals/349.npy,../../data/abc_data/orig_points/349.npy,../../data/abc_data/meshes/349.obj
279,../../data/abc_data/pclouds/35.npy,../../data/abc_data/sdfs/35.npy,../../data/abc_data/normals/35.npy,../../data/abc_data/orig_points/35.npy,../../data/abc_data/meshes/35.obj
280,../../data/abc_data/pclouds/350.npy,../../data/abc_data/sdfs/350.npy,../../data/abc_data/normals/350.npy,../../data/abc_data/orig_points/350.npy,../../data/abc_data/meshes/350.obj
281,../../data/abc_data/pclouds/351.npy,../../data/abc_data/sdfs/351.npy,../../data/abc_data/normals/351.npy,../../data/abc_data/orig_points/351.npy,../../data/abc_data/meshes/351.obj
282,../../data/abc_data/pclouds/352.npy,../../data/abc_data/sdfs/352.npy,../../data/abc_data/normals/352.npy,../../data/abc_data/orig_points/352.npy,../../data/abc_data/meshes/352.obj
283,../../data/abc_data/pclouds/353.npy,../../data/abc_data/sdfs/353.npy,../../data/abc_data/normals/353.npy,../../data/abc_data/orig_points/353.npy,../../data/abc_data/meshes/353.obj
284,../../data/abc_data/pclouds/354.npy,../../data/abc_data/sdfs/354.npy,../../data/abc_data/normals/354.npy,../../data/abc_data/orig_points/354.npy,../../data/abc_data/meshes/354.obj
285,../../data/abc_data/pclouds/355.npy,../../data/abc_data/sdfs/355.npy,../../data/abc_data/normals/355.npy,../../data/abc_data/orig_points/355.npy,../../data/abc_data/meshes/355.obj
286,../../data/abc_data/pclouds/356.npy,../../data/abc_data/sdfs/356.npy,../../data/abc_data/normals/356.npy,../../data/abc_data/orig_points/356.npy,../../data/abc_data/meshes/356.obj
287,../../data/abc_data/pclouds/357.npy,../../data/abc_data/sdfs/357.npy,../../data/abc_data/normals/357.npy,../../data/abc_data/orig_points/357.npy,../../data/abc_data/meshes/357.obj
288,../../data/abc_data/pclouds/358.npy,../../data/abc_data/sdfs/358.npy,../../data/abc_data/normals/358.npy,../../data/abc_data/orig_points/358.npy,../../data/abc_data/meshes/358.obj
289,../../data/abc_data/pclouds/359.npy,../../data/abc_data/sdfs/359.npy,../../data/abc_data/normals/359.npy,../../data/abc_data/orig_points/359.npy,../../data/abc_data/meshes/359.obj
290,../../data/abc_data/pclouds/36.npy,../../data/abc_data/sdfs/36.npy,../../data/abc_data/normals/36.npy,../../data/abc_data/orig_points/36.npy,../../data/abc_data/meshes/36.obj
291,../../data/abc_data/pclouds/360.npy,../../data/abc_data/sdfs/360.npy,../../data/abc_data/normals/360.npy,../../data/abc_data/orig_points/360.npy,../../data/abc_data/meshes/360.obj
292,../../data/abc_data/pclouds/361.npy,../../data/abc_data/sdfs/361.npy,../../data/abc_data/normals/361.npy,../../data/abc_data/orig_points/361.npy,../../data/abc_data/meshes/361.obj
293,../../data/abc_data/pclouds/362.npy,../../data/abc_data/sdfs/362.npy,../../data/abc_data/normals/362.npy,../../data/abc_data/orig_points/362.npy,../../data/abc_data/meshes/362.obj
294,../../data/abc_data/pclouds/363.npy,../../data/abc_data/sdfs/363.npy,../../data/abc_data/normals/363.npy,../../data/abc_data/orig_points/363.npy,../../data/abc_data/meshes/363.obj
295,../../data/abc_data/pclouds/364.npy,../../data/abc_data/sdfs/364.npy,../../data/abc_data/normals/364.npy,../../data/abc_data/orig_points/364.npy,../../data/abc_data/meshes/364.obj
296,../../data/abc_data/pclouds/365.npy,../../data/abc_data/sdfs/365.npy,../../data/abc_data/normals/365.npy,../../data/abc_data/orig_points/365.npy,../../data/abc_data/meshes/365.obj
297,../../data/abc_data/pclouds/366.npy,../../data/abc_data/sdfs/366.npy,../../data/abc_data/normals/366.npy,../../data/abc_data/orig_points/366.npy,../../data/abc_data/meshes/366.obj
298,../../data/abc_data/pclouds/367.npy,../../data/abc_data/sdfs/367.npy,../../data/abc_data/normals/367.npy,../../data/abc_data/orig_points/367.npy,../../data/abc_data/meshes/367.obj
299,../../data/abc_data/pclouds/368.npy,../../data/abc_data/sdfs/368.npy,../../data/abc_data/normals/368.npy,../../data/abc_data/orig_points/368.npy,../../data/abc_data/meshes/368.obj
300,../../data/abc_data/pclouds/369.npy,../../data/abc_data/sdfs/369.npy,../../data/abc_data/normals/369.npy,../../data/abc_data/orig_points/369.npy,../../data/abc_data/meshes/369.obj
301,../../data/abc_data/pclouds/37.npy,../../data/abc_data/sdfs/37.npy,../../data/abc_data/normals/37.npy,../../data/abc_data/orig_points/37.npy,../../data/abc_data/meshes/37.obj
302,../../data/abc_data/pclouds/370.npy,../../data/abc_data/sdfs/370.npy,../../data/abc_data/normals/370.npy,../../data/abc_data/orig_points/370.npy,../../data/abc_data/meshes/370.obj
303,../../data/abc_data/pclouds/371.npy,../../data/abc_data/sdfs/371.npy,../../data/abc_data/normals/371.npy,../../data/abc_data/orig_points/371.npy,../../data/abc_data/meshes/371.obj
304,../../data/abc_data/pclouds/372.npy,../../data/abc_data/sdfs/372.npy,../../data/abc_data/normals/372.npy,../../data/abc_data/orig_points/372.npy,../../data/abc_data/meshes/372.obj
305,../../data/abc_data/pclouds/373.npy,../../data/abc_data/sdfs/373.npy,../../data/abc_data/normals/373.npy,../../data/abc_data/orig_points/373.npy,../../data/abc_data/meshes/373.obj
306,../../data/abc_data/pclouds/374.npy,../../data/abc_data/sdfs/374.npy,../../data/abc_data/normals/374.npy,../../data/abc_data/orig_points/374.npy,../../data/abc_data/meshes/374.obj
307,../../data/abc_data/pclouds/375.npy,../../data/abc_data/sdfs/375.npy,../../data/abc_data/normals/375.npy,../../data/abc_data/orig_points/375.npy,../../data/abc_data/meshes/375.obj
308,../../data/abc_data/pclouds/376.npy,../../data/abc_data/sdfs/376.npy,../../data/abc_data/normals/376.npy,../../data/abc_data/orig_points/376.npy,../../data/abc_data/meshes/376.obj
309,../../data/abc_data/pclouds/377.npy,../../data/abc_data/sdfs/377.npy,../../data/abc_data/normals/377.npy,../../data/abc_data/orig_points/377.npy,../../data/abc_data/meshes/377.obj
310,../../data/abc_data/pclouds/378.npy,../../data/abc_data/sdfs/378.npy,../../data/abc_data/normals/378.npy,../../data/abc_data/orig_points/378.npy,../../data/abc_data/meshes/378.obj
311,../../data/abc_data/pclouds/379.npy,../../data/abc_data/sdfs/379.npy,../../data/abc_data/normals/379.npy,../../data/abc_data/orig_points/379.npy,../../data/abc_data/meshes/379.obj
312,../../data/abc_data/pclouds/38.npy,../../data/abc_data/sdfs/38.npy,../../data/abc_data/normals/38.npy,../../data/abc_data/orig_points/38.npy,../../data/abc_data/meshes/38.obj
313,../../data/abc_data/pclouds/380.npy,../../data/abc_data/sdfs/380.npy,../../data/abc_data/normals/380.npy,../../data/abc_data/orig_points/380.npy,../../data/abc_data/meshes/380.obj
314,../../data/abc_data/pclouds/381.npy,../../data/abc_data/sdfs/381.npy,../../data/abc_data/normals/381.npy,../../data/abc_data/orig_points/381.npy,../../data/abc_data/meshes/381.obj
315,../../data/abc_data/pclouds/382.npy,../../data/abc_data/sdfs/382.npy,../../data/abc_data/normals/382.npy,../../data/abc_data/orig_points/382.npy,../../data/abc_data/meshes/382.obj
316,../../data/abc_data/pclouds/383.npy,../../data/abc_data/sdfs/383.npy,../../data/abc_data/normals/383.npy,../../data/abc_data/orig_points/383.npy,../../data/abc_data/meshes/383.obj
317,../../data/abc_data/pclouds/384.npy,../../data/abc_data/sdfs/384.npy,../../data/abc_data/normals/384.npy,../../data/abc_data/orig_points/384.npy,../../data/abc_data/meshes/384.obj
318,../../data/abc_data/pclouds/385.npy,../../data/abc_data/sdfs/385.npy,../../data/abc_data/normals/385.npy,../../data/abc_data/orig_points/385.npy,../../data/abc_data/meshes/385.obj
319,../../data/abc_data/pclouds/386.npy,../../data/abc_data/sdfs/386.npy,../../data/abc_data/normals/386.npy,../../data/abc_data/orig_points/386.npy,../../data/abc_data/meshes/386.obj
320,../../data/abc_data/pclouds/388.npy,../../data/abc_data/sdfs/388.npy,../../data/abc_data/normals/388.npy,../../data/abc_data/orig_points/388.npy,../../data/abc_data/meshes/388.obj
321,../../data/abc_data/pclouds/389.npy,../../data/abc_data/sdfs/389.npy,../../data/abc_data/normals/389.npy,../../data/abc_data/orig_points/389.npy,../../data/abc_data/meshes/389.obj
322,../../data/abc_data/pclouds/39.npy,../../data/abc_data/sdfs/39.npy,../../data/abc_data/normals/39.npy,../../data/abc_data/orig_points/39.npy,../../data/abc_data/meshes/39.obj
323,../../data/abc_data/pclouds/390.npy,../../data/abc_data/sdfs/390.npy,../../data/abc_data/normals/390.npy,../../data/abc_data/orig_points/390.npy,../../data/abc_data/meshes/390.obj
324,../../data/abc_data/pclouds/391.npy,../../data/abc_data/sdfs/391.npy,../../data/abc_data/normals/391.npy,../../data/abc_data/orig_points/391.npy,../../data/abc_data/meshes/391.obj
325,../../data/abc_data/pclouds/392.npy,../../data/abc_data/sdfs/392.npy,../../data/abc_data/normals/392.npy,../../data/abc_data/orig_points/392.npy,../../data/abc_data/meshes/392.obj
326,../../data/abc_data/pclouds/393.npy,../../data/abc_data/sdfs/393.npy,../../data/abc_data/normals/393.npy,../../data/abc_data/orig_points/393.npy,../../data/abc_data/meshes/393.obj
327,../../data/abc_data/pclouds/394.npy,../../data/abc_data/sdfs/394.npy,../../data/abc_data/normals/394.npy,../../data/abc_data/orig_points/394.npy,../../data/abc_data/meshes/394.obj
328,../../data/abc_data/pclouds/395.npy,../../data/abc_data/sdfs/395.npy,../../data/abc_data/normals/395.npy,../../data/abc_data/orig_points/395.npy,../../data/abc_data/meshes/395.obj
329,../../data/abc_data/pclouds/396.npy,../../data/abc_data/sdfs/396.npy,../../data/abc_data/normals/396.npy,../../data/abc_data/orig_points/396.npy,../../data/abc_data/meshes/396.obj
330,../../data/abc_data/pclouds/397.npy,../../data/abc_data/sdfs/397.npy,../../data/abc_data/normals/397.npy,../../data/abc_data/orig_points/397.npy,../../data/abc_data/meshes/397.obj
331,../../data/abc_data/pclouds/398.npy,../../data/abc_data/sdfs/398.npy,../../data/abc_data/normals/398.npy,../../data/abc_data/orig_points/398.npy,../../data/abc_data/meshes/398.obj
332,../../data/abc_data/pclouds/399.npy,../../data/abc_data/sdfs/399.npy,../../data/abc_data/normals/399.npy,../../data/abc_data/orig_points/399.npy,../../data/abc_data/meshes/399.obj
333,../../data/abc_data/pclouds/4.npy,../../data/abc_data/sdfs/4.npy,../../data/abc_data/normals/4.npy,../../data/abc_data/orig_points/4.npy,../../data/abc_data/meshes/4.obj
334,../../data/abc_data/pclouds/40.npy,../../data/abc_data/sdfs/40.npy,../../data/abc_data/normals/40.npy,../../data/abc_data/orig_points/40.npy,../../data/abc_data/meshes/40.obj
335,../../data/abc_data/pclouds/400.npy,../../data/abc_data/sdfs/400.npy,../../data/abc_data/normals/400.npy,../../data/abc_data/orig_points/400.npy,../../data/abc_data/meshes/400.obj
336,../../data/abc_data/pclouds/401.npy,../../data/abc_data/sdfs/401.npy,../../data/abc_data/normals/401.npy,../../data/abc_data/orig_points/401.npy,../../data/abc_data/meshes/401.obj
337,../../data/abc_data/pclouds/402.npy,../../data/abc_data/sdfs/402.npy,../../data/abc_data/normals/402.npy,../../data/abc_data/orig_points/402.npy,../../data/abc_data/meshes/402.obj
338,../../data/abc_data/pclouds/403.npy,../../data/abc_data/sdfs/403.npy,../../data/abc_data/normals/403.npy,../../data/abc_data/orig_points/403.npy,../../data/abc_data/meshes/403.obj
339,../../data/abc_data/pclouds/404.npy,../../data/abc_data/sdfs/404.npy,../../data/abc_data/normals/404.npy,../../data/abc_data/orig_points/404.npy,../../data/abc_data/meshes/404.obj
340,../../data/abc_data/pclouds/405.npy,../../data/abc_data/sdfs/405.npy,../../data/abc_data/normals/405.npy,../../data/abc_data/orig_points/405.npy,../../data/abc_data/meshes/405.obj
341,../../data/abc_data/pclouds/406.npy,../../data/abc_data/sdfs/406.npy,../../data/abc_data/normals/406.npy,../../data/abc_data/orig_points/406.npy,../../data/abc_data/meshes/406.obj
342,../../data/abc_data/pclouds/407.npy,../../data/abc_data/sdfs/407.npy,../../data/abc_data/normals/407.npy,../../data/abc_data/orig_points/407.npy,../../data/abc_data/meshes/407.obj
343,../../data/abc_data/pclouds/408.npy,../../data/abc_data/sdfs/408.npy,../../data/abc_data/normals/408.npy,../../data/abc_data/orig_points/408.npy,../../data/abc_data/meshes/408.obj
344,../../data/abc_data/pclouds/409.npy,../../data/abc_data/sdfs/409.npy,../../data/abc_data/normals/409.npy,../../data/abc_data/orig_points/409.npy,../../data/abc_data/meshes/409.obj
345,../../data/abc_data/pclouds/41.npy,../../data/abc_data/sdfs/41.npy,../../data/abc_data/normals/41.npy,../../data/abc_data/orig_points/41.npy,../../data/abc_data/meshes/41.obj
346,../../data/abc_data/pclouds/410.npy,../../data/abc_data/sdfs/410.npy,../../data/abc_data/normals/410.npy,../../data/abc_data/orig_points/410.npy,../../data/abc_data/meshes/410.obj
347,../../data/abc_data/pclouds/411.npy,../../data/abc_data/sdfs/411.npy,../../data/abc_data/normals/411.npy,../../data/abc_data/orig_points/411.npy,../../data/abc_data/meshes/411.obj
348,../../data/abc_data/pclouds/412.npy,../../data/abc_data/sdfs/412.npy,../../data/abc_data/normals/412.npy,../../data/abc_data/orig_points/412.npy,../../data/abc_data/meshes/412.obj
349,../../data/abc_data/pclouds/413.npy,../../data/abc_data/sdfs/413.npy,../../data/abc_data/normals/413.npy,../../data/abc_data/orig_points/413.npy,../../data/abc_data/meshes/413.obj
350,../../data/abc_data/pclouds/414.npy,../../data/abc_data/sdfs/414.npy,../../data/abc_data/normals/414.npy,../../data/abc_data/orig_points/414.npy,../../data/abc_data/meshes/414.obj
351,../../data/abc_data/pclouds/415.npy,../../data/abc_data/sdfs/415.npy,../../data/abc_data/normals/415.npy,../../data/abc_data/orig_points/415.npy,../../data/abc_data/meshes/415.obj
352,../../data/abc_data/pclouds/416.npy,../../data/abc_data/sdfs/416.npy,../../data/abc_data/normals/416.npy,../../data/abc_data/orig_points/416.npy,../../data/abc_data/meshes/416.obj
353,../../data/abc_data/pclouds/417.npy,../../data/abc_data/sdfs/417.npy,../../data/abc_data/normals/417.npy,../../data/abc_data/orig_points/417.npy,../../data/abc_data/meshes/417.obj
354,../../data/abc_data/pclouds/418.npy,../../data/abc_data/sdfs/418.npy,../../data/abc_data/normals/418.npy,../../data/abc_data/orig_points/418.npy,../../data/abc_data/meshes/418.obj
355,../../data/abc_data/pclouds/419.npy,../../data/abc_data/sdfs/419.npy,../../data/abc_data/normals/419.npy,../../data/abc_data/orig_points/419.npy,../../data/abc_data/meshes/419.obj
356,../../data/abc_data/pclouds/42.npy,../../data/abc_data/sdfs/42.npy,../../data/abc_data/normals/42.npy,../../data/abc_data/orig_points/42.npy,../../data/abc_data/meshes/42.obj
357,../../data/abc_data/pclouds/420.npy,../../data/abc_data/sdfs/420.npy,../../data/abc_data/normals/420.npy,../../data/abc_data/orig_points/420.npy,../../data/abc_data/meshes/420.obj
358,../../data/abc_data/pclouds/421.npy,../../data/abc_data/sdfs/421.npy,../../data/abc_data/normals/421.npy,../../data/abc_data/orig_points/421.npy,../../data/abc_data/meshes/421.obj
359,../../data/abc_data/pclouds/422.npy,../../data/abc_data/sdfs/422.npy,../../data/abc_data/normals/422.npy,../../data/abc_data/orig_points/422.npy,../../data/abc_data/meshes/422.obj
360,../../data/abc_data/pclouds/423.npy,../../data/abc_data/sdfs/423.npy,../../data/abc_data/normals/423.npy,../../data/abc_data/orig_points/423.npy,../../data/abc_data/meshes/423.obj
361,../../data/abc_data/pclouds/424.npy,../../data/abc_data/sdfs/424.npy,../../data/abc_data/normals/424.npy,../../data/abc_data/orig_points/424.npy,../../data/abc_data/meshes/424.obj
362,../../data/abc_data/pclouds/425.npy,../../data/abc_data/sdfs/425.npy,../../data/abc_data/normals/425.npy,../../data/abc_data/orig_points/425.npy,../../data/abc_data/meshes/425.obj
363,../../data/abc_data/pclouds/426.npy,../../data/abc_data/sdfs/426.npy,../../data/abc_data/normals/426.npy,../../data/abc_data/orig_points/426.npy,../../data/abc_data/meshes/426.obj
364,../../data/abc_data/pclouds/427.npy,../../data/abc_data/sdfs/427.npy,../../data/abc_data/normals/427.npy,../../data/abc_data/orig_points/427.npy,../../data/abc_data/meshes/427.obj
365,../../data/abc_data/pclouds/428.npy,../../data/abc_data/sdfs/428.npy,../../data/abc_data/normals/428.npy,../../data/abc_data/orig_points/428.npy,../../data/abc_data/meshes/428.obj
366,../../data/abc_data/pclouds/429.npy,../../data/abc_data/sdfs/429.npy,../../data/abc_data/normals/429.npy,../../data/abc_data/orig_points/429.npy,../../data/abc_data/meshes/429.obj
367,../../data/abc_data/pclouds/43.npy,../../data/abc_data/sdfs/43.npy,../../data/abc_data/normals/43.npy,../../data/abc_data/orig_points/43.npy,../../data/abc_data/meshes/43.obj
368,../../data/abc_data/pclouds/430.npy,../../data/abc_data/sdfs/430.npy,../../data/abc_data/normals/430.npy,../../data/abc_data/orig_points/430.npy,../../data/abc_data/meshes/430.obj
369,../../data/abc_data/pclouds/431.npy,../../data/abc_data/sdfs/431.npy,../../data/abc_data/normals/431.npy,../../data/abc_data/orig_points/431.npy,../../data/abc_data/meshes/431.obj
370,../../data/abc_data/pclouds/432.npy,../../data/abc_data/sdfs/432.npy,../../data/abc_data/normals/432.npy,../../data/abc_data/orig_points/432.npy,../../data/abc_data/meshes/432.obj
371,../../data/abc_data/pclouds/433.npy,../../data/abc_data/sdfs/433.npy,../../data/abc_data/normals/433.npy,../../data/abc_data/orig_points/433.npy,../../data/abc_data/meshes/433.obj
372,../../data/abc_data/pclouds/434.npy,../../data/abc_data/sdfs/434.npy,../../data/abc_data/normals/434.npy,../../data/abc_data/orig_points/434.npy,../../data/abc_data/meshes/434.obj
373,../../data/abc_data/pclouds/435.npy,../../data/abc_data/sdfs/435.npy,../../data/abc_data/normals/435.npy,../../data/abc_data/orig_points/435.npy,../../data/abc_data/meshes/435.obj
374,../../data/abc_data/pclouds/436.npy,../../data/abc_data/sdfs/436.npy,../../data/abc_data/normals/436.npy,../../data/abc_data/orig_points/436.npy,../../data/abc_data/meshes/436.obj
375,../../data/abc_data/pclouds/437.npy,../../data/abc_data/sdfs/437.npy,../../data/abc_data/normals/437.npy,../../data/abc_data/orig_points/437.npy,../../data/abc_data/meshes/437.obj
376,../../data/abc_data/pclouds/438.npy,../../data/abc_data/sdfs/438.npy,../../data/abc_data/normals/438.npy,../../data/abc_data/orig_points/438.npy,../../data/abc_data/meshes/438.obj
377,../../data/abc_data/pclouds/439.npy,../../data/abc_data/sdfs/439.npy,../../data/abc_data/normals/439.npy,../../data/abc_data/orig_points/439.npy,../../data/abc_data/meshes/439.obj
378,../../data/abc_data/pclouds/44.npy,../../data/abc_data/sdfs/44.npy,../../data/abc_data/normals/44.npy,../../data/abc_data/orig_points/44.npy,../../data/abc_data/meshes/44.obj
379,../../data/abc_data/pclouds/440.npy,../../data/abc_data/sdfs/440.npy,../../data/abc_data/normals/440.npy,../../data/abc_data/orig_points/440.npy,../../data/abc_data/meshes/440.obj
380,../../data/abc_data/pclouds/441.npy,../../data/abc_data/sdfs/441.npy,../../data/abc_data/normals/441.npy,../../data/abc_data/orig_points/441.npy,../../data/abc_data/meshes/441.obj
381,../../data/abc_data/pclouds/442.npy,../../data/abc_data/sdfs/442.npy,../../data/abc_data/normals/442.npy,../../data/abc_data/orig_points/442.npy,../../data/abc_data/meshes/442.obj
382,../../data/abc_data/pclouds/443.npy,../../data/abc_data/sdfs/443.npy,../../data/abc_data/normals/443.npy,../../data/abc_data/orig_points/443.npy,../../data/abc_data/meshes/443.obj
383,../../data/abc_data/pclouds/444.npy,../../data/abc_data/sdfs/444.npy,../../data/abc_data/normals/444.npy,../../data/abc_data/orig_points/444.npy,../../data/abc_data/meshes/444.obj
384,../../data/abc_data/pclouds/445.npy,../../data/abc_data/sdfs/445.npy,../../data/abc_data/normals/445.npy,../../data/abc_data/orig_points/445.npy,../../data/abc_data/meshes/445.obj
385,../../data/abc_data/pclouds/446.npy,../../data/abc_data/sdfs/446.npy,../../data/abc_data/normals/446.npy,../../data/abc_data/orig_points/446.npy,../../data/abc_data/meshes/446.obj
386,../../data/abc_data/pclouds/447.npy,../../data/abc_data/sdfs/447.npy,../../data/abc_data/normals/447.npy,../../data/abc_data/orig_points/447.npy,../../data/abc_data/meshes/447.obj
387,../../data/abc_data/pclouds/448.npy,../../data/abc_data/sdfs/448.npy,../../data/abc_data/normals/448.npy,../../data/abc_data/orig_points/448.npy,../../data/abc_data/meshes/448.obj
388,../../data/abc_data/pclouds/449.npy,../../data/abc_data/sdfs/449.npy,../../data/abc_data/normals/449.npy,../../data/abc_data/orig_points/449.npy,../../data/abc_data/meshes/449.obj
389,../../data/abc_data/pclouds/45.npy,../../data/abc_data/sdfs/45.npy,../../data/abc_data/normals/45.npy,../../data/abc_data/orig_points/45.npy,../../data/abc_data/meshes/45.obj
390,../../data/abc_data/pclouds/450.npy,../../data/abc_data/sdfs/450.npy,../../data/abc_data/normals/450.npy,../../data/abc_data/orig_points/450.npy,../../data/abc_data/meshes/450.obj
391,../../data/abc_data/pclouds/451.npy,../../data/abc_data/sdfs/451.npy,../../data/abc_data/normals/451.npy,../../data/abc_data/orig_points/451.npy,../../data/abc_data/meshes/451.obj
392,../../data/abc_data/pclouds/452.npy,../../data/abc_data/sdfs/452.npy,../../data/abc_data/normals/452.npy,../../data/abc_data/orig_points/452.npy,../../data/abc_data/meshes/452.obj
393,../../data/abc_data/pclouds/453.npy,../../data/abc_data/sdfs/453.npy,../../data/abc_data/normals/453.npy,../../data/abc_data/orig_points/453.npy,../../data/abc_data/meshes/453.obj
394,../../data/abc_data/pclouds/454.npy,../../data/abc_data/sdfs/454.npy,../../data/abc_data/normals/454.npy,../../data/abc_data/orig_points/454.npy,../../data/abc_data/meshes/454.obj
395,../../data/abc_data/pclouds/455.npy,../../data/abc_data/sdfs/455.npy,../../data/abc_data/normals/455.npy,../../data/abc_data/orig_points/455.npy,../../data/abc_data/meshes/455.obj
396,../../data/abc_data/pclouds/456.npy,../../data/abc_data/sdfs/456.npy,../../data/abc_data/normals/456.npy,../../data/abc_data/orig_points/456.npy,../../data/abc_data/meshes/456.obj
397,../../data/abc_data/pclouds/457.npy,../../data/abc_data/sdfs/457.npy,../../data/abc_data/normals/457.npy,../../data/abc_data/orig_points/457.npy,../../data/abc_data/meshes/457.obj
398,../../data/abc_data/pclouds/458.npy,../../data/abc_data/sdfs/458.npy,../../data/abc_data/normals/458.npy,../../data/abc_data/orig_points/458.npy,../../data/abc_data/meshes/458.obj
399,../../data/abc_data/pclouds/459.npy,../../data/abc_data/sdfs/459.npy,../../data/abc_data/normals/459.npy,../../data/abc_data/orig_points/459.npy,../../data/abc_data/meshes/459.obj
400,../../data/abc_data/pclouds/46.npy,../../data/abc_data/sdfs/46.npy,../../data/abc_data/normals/46.npy,../../data/abc_data/orig_points/46.npy,../../data/abc_data/meshes/46.obj
401,../../data/abc_data/pclouds/460.npy,../../data/abc_data/sdfs/460.npy,../../data/abc_data/normals/460.npy,../../data/abc_data/orig_points/460.npy,../../data/abc_data/meshes/460.obj
402,../../data/abc_data/pclouds/461.npy,../../data/abc_data/sdfs/461.npy,../../data/abc_data/normals/461.npy,../../data/abc_data/orig_points/461.npy,../../data/abc_data/meshes/461.obj
403,../../data/abc_data/pclouds/462.npy,../../data/abc_data/sdfs/462.npy,../../data/abc_data/normals/462.npy,../../data/abc_data/orig_points/462.npy,../../data/abc_data/meshes/462.obj
404,../../data/abc_data/pclouds/463.npy,../../data/abc_data/sdfs/463.npy,../../data/abc_data/normals/463.npy,../../data/abc_data/orig_points/463.npy,../../data/abc_data/meshes/463.obj
405,../../data/abc_data/pclouds/464.npy,../../data/abc_data/sdfs/464.npy,../../data/abc_data/normals/464.npy,../../data/abc_data/orig_points/464.npy,../../data/abc_data/meshes/464.obj
406,../../data/abc_data/pclouds/465.npy,../../data/abc_data/sdfs/465.npy,../../data/abc_data/normals/465.npy,../../data/abc_data/orig_points/465.npy,../../data/abc_data/meshes/465.obj
407,../../data/abc_data/pclouds/466.npy,../../data/abc_data/sdfs/466.npy,../../data/abc_data/normals/466.npy,../../data/abc_data/orig_points/466.npy,../../data/abc_data/meshes/466.obj
408,../../data/abc_data/pclouds/467.npy,../../data/abc_data/sdfs/467.npy,../../data/abc_data/normals/467.npy,../../data/abc_data/orig_points/467.npy,../../data/abc_data/meshes/467.obj
409,../../data/abc_data/pclouds/468.npy,../../data/abc_data/sdfs/468.npy,../../data/abc_data/normals/468.npy,../../data/abc_data/orig_points/468.npy,../../data/abc_data/meshes/468.obj
410,../../data/abc_data/pclouds/469.npy,../../data/abc_data/sdfs/469.npy,../../data/abc_data/normals/469.npy,../../data/abc_data/orig_points/469.npy,../../data/abc_data/meshes/469.obj
411,../../data/abc_data/pclouds/47.npy,../../data/abc_data/sdfs/47.npy,../../data/abc_data/normals/47.npy,../../data/abc_data/orig_points/47.npy,../../data/abc_data/meshes/47.obj
412,../../data/abc_data/pclouds/470.npy,../../data/abc_data/sdfs/470.npy,../../data/abc_data/normals/470.npy,../../data/abc_data/orig_points/470.npy,../../data/abc_data/meshes/470.obj
413,../../data/abc_data/pclouds/471.npy,../../data/abc_data/sdfs/471.npy,../../data/abc_data/normals/471.npy,../../data/abc_data/orig_points/471.npy,../../data/abc_data/meshes/471.obj
414,../../data/abc_data/pclouds/472.npy,../../data/abc_data/sdfs/472.npy,../../data/abc_data/normals/472.npy,../../data/abc_data/orig_points/472.npy,../../data/abc_data/meshes/472.obj
415,../../data/abc_data/pclouds/473.npy,../../data/abc_data/sdfs/473.npy,../../data/abc_data/normals/473.npy,../../data/abc_data/orig_points/473.npy,../../data/abc_data/meshes/473.obj
416,../../data/abc_data/pclouds/474.npy,../../data/abc_data/sdfs/474.npy,../../data/abc_data/normals/474.npy,../../data/abc_data/orig_points/474.npy,../../data/abc_data/meshes/474.obj
417,../../data/abc_data/pclouds/475.npy,../../data/abc_data/sdfs/475.npy,../../data/abc_data/normals/475.npy,../../data/abc_data/orig_points/475.npy,../../data/abc_data/meshes/475.obj
418,../../data/abc_data/pclouds/476.npy,../../data/abc_data/sdfs/476.npy,../../data/abc_data/normals/476.npy,../../data/abc_data/orig_points/476.npy,../../data/abc_data/meshes/476.obj
419,../../data/abc_data/pclouds/477.npy,../../data/abc_data/sdfs/477.npy,../../data/abc_data/normals/477.npy,../../data/abc_data/orig_points/477.npy,../../data/abc_data/meshes/477.obj
420,../../data/abc_data/pclouds/478.npy,../../data/abc_data/sdfs/478.npy,../../data/abc_data/normals/478.npy,../../data/abc_data/orig_points/478.npy,../../data/abc_data/meshes/478.obj
421,../../data/abc_data/pclouds/479.npy,../../data/abc_data/sdfs/479.npy,../../data/abc_data/normals/479.npy,../../data/abc_data/orig_points/479.npy,../../data/abc_data/meshes/479.obj
422,../../data/abc_data/pclouds/48.npy,../../data/abc_data/sdfs/48.npy,../../data/abc_data/normals/48.npy,../../data/abc_data/orig_points/48.npy,../../data/abc_data/meshes/48.obj
423,../../data/abc_data/pclouds/480.npy,../../data/abc_data/sdfs/480.npy,../../data/abc_data/normals/480.npy,../../data/abc_data/orig_points/480.npy,../../data/abc_data/meshes/480.obj
424,../../data/abc_data/pclouds/481.npy,../../data/abc_data/sdfs/481.npy,../../data/abc_data/normals/481.npy,../../data/abc_data/orig_points/481.npy,../../data/abc_data/meshes/481.obj
425,../../data/abc_data/pclouds/482.npy,../../data/abc_data/sdfs/482.npy,../../data/abc_data/normals/482.npy,../../data/abc_data/orig_points/482.npy,../../data/abc_data/meshes/482.obj
426,../../data/abc_data/pclouds/483.npy,../../data/abc_data/sdfs/483.npy,../../data/abc_data/normals/483.npy,../../data/abc_data/orig_points/483.npy,../../data/abc_data/meshes/483.obj
427,../../data/abc_data/pclouds/484.npy,../../data/abc_data/sdfs/484.npy,../../data/abc_data/normals/484.npy,../../data/abc_data/orig_points/484.npy,../../data/abc_data/meshes/484.obj
428,../../data/abc_data/pclouds/485.npy,../../data/abc_data/sdfs/485.npy,../../data/abc_data/normals/485.npy,../../data/abc_data/orig_points/485.npy,../../data/abc_data/meshes/485.obj
429,../../data/abc_data/pclouds/486.npy,../../data/abc_data/sdfs/486.npy,../../data/abc_data/normals/486.npy,../../data/abc_data/orig_points/486.npy,../../data/abc_data/meshes/486.obj
430,../../data/abc_data/pclouds/487.npy,../../data/abc_data/sdfs/487.npy,../../data/abc_data/normals/487.npy,../../data/abc_data/orig_points/487.npy,../../data/abc_data/meshes/487.obj
431,../../data/abc_data/pclouds/488.npy,../../data/abc_data/sdfs/488.npy,../../data/abc_data/normals/488.npy,../../data/abc_data/orig_points/488.npy,../../data/abc_data/meshes/488.obj
432,../../data/abc_data/pclouds/489.npy,../../data/abc_data/sdfs/489.npy,../../data/abc_data/normals/489.npy,../../data/abc_data/orig_points/489.npy,../../data/abc_data/meshes/489.obj
433,../../data/abc_data/pclouds/49.npy,../../data/abc_data/sdfs/49.npy,../../data/abc_data/normals/49.npy,../../data/abc_data/orig_points/49.npy,../../data/abc_data/meshes/49.obj
434,../../data/abc_data/pclouds/490.npy,../../data/abc_data/sdfs/490.npy,../../data/abc_data/normals/490.npy,../../data/abc_data/orig_points/490.npy,../../data/abc_data/meshes/490.obj
435,../../data/abc_data/pclouds/491.npy,../../data/abc_data/sdfs/491.npy,../../data/abc_data/normals/491.npy,../../data/abc_data/orig_points/491.npy,../../data/abc_data/meshes/491.obj
436,../../data/abc_data/pclouds/492.npy,../../data/abc_data/sdfs/492.npy,../../data/abc_data/normals/492.npy,../../data/abc_data/orig_points/492.npy,../../data/abc_data/meshes/492.obj
437,../../data/abc_data/pclouds/493.npy,../../data/abc_data/sdfs/493.npy,../../data/abc_data/normals/493.npy,../../data/abc_data/orig_points/493.npy,../../data/abc_data/meshes/493.obj
438,../../data/abc_data/pclouds/494.npy,../../data/abc_data/sdfs/494.npy,../../data/abc_data/normals/494.npy,../../data/abc_data/orig_points/494.npy,../../data/abc_data/meshes/494.obj
439,../../data/abc_data/pclouds/495.npy,../../data/abc_data/sdfs/495.npy,../../data/abc_data/normals/495.npy,../../data/abc_data/orig_points/495.npy,../../data/abc_data/meshes/495.obj
440,../../data/abc_data/pclouds/496.npy,../../data/abc_data/sdfs/496.npy,../../data/abc_data/normals/496.npy,../../data/abc_data/orig_points/496.npy,../../data/abc_data/meshes/496.obj
441,../../data/abc_data/pclouds/497.npy,../../data/abc_data/sdfs/497.npy,../../data/abc_data/normals/497.npy,../../data/abc_data/orig_points/497.npy,../../data/abc_data/meshes/497.obj
442,../../data/abc_data/pclouds/498.npy,../../data/abc_data/sdfs/498.npy,../../data/abc_data/normals/498.npy,../../data/abc_data/orig_points/498.npy,../../data/abc_data/meshes/498.obj
443,../../data/abc_data/pclouds/499.npy,../../data/abc_data/sdfs/499.npy,../../data/abc_data/normals/499.npy,../../data/abc_data/orig_points/499.npy,../../data/abc_data/meshes/499.obj
444,../../data/abc_data/pclouds/5.npy,../../data/abc_data/sdfs/5.npy,../../data/abc_data/normals/5.npy,../../data/abc_data/orig_points/5.npy,../../data/abc_data/meshes/5.obj
445,../../data/abc_data/pclouds/50.npy,../../data/abc_data/sdfs/50.npy,../../data/abc_data/normals/50.npy,../../data/abc_data/orig_points/50.npy,../../data/abc_data/meshes/50.obj
446,../../data/abc_data/pclouds/51.npy,../../data/abc_data/sdfs/51.npy,../../data/abc_data/normals/51.npy,../../data/abc_data/orig_points/51.npy,../../data/abc_data/meshes/51.obj
447,../../data/abc_data/pclouds/52.npy,../../data/abc_data/sdfs/52.npy,../../data/abc_data/normals/52.npy,../../data/abc_data/orig_points/52.npy,../../data/abc_data/meshes/52.obj
448,../../data/abc_data/pclouds/53.npy,../../data/abc_data/sdfs/53.npy,../../data/abc_data/normals/53.npy,../../data/abc_data/orig_points/53.npy,../../data/abc_data/meshes/53.obj
449,../../data/abc_data/pclouds/55.npy,../../data/abc_data/sdfs/55.npy,../../data/abc_data/normals/55.npy,../../data/abc_data/orig_points/55.npy,../../data/abc_data/meshes/55.obj
450,../../data/abc_data/pclouds/56.npy,../../data/abc_data/sdfs/56.npy,../../data/abc_data/normals/56.npy,../../data/abc_data/orig_points/56.npy,../../data/abc_data/meshes/56.obj
451,../../data/abc_data/pclouds/57.npy,../../data/abc_data/sdfs/57.npy,../../data/abc_data/normals/57.npy,../../data/abc_data/orig_points/57.npy,../../data/abc_data/meshes/57.obj
452,../../data/abc_data/pclouds/58.npy,../../data/abc_data/sdfs/58.npy,../../data/abc_data/normals/58.npy,../../data/abc_data/orig_points/58.npy,../../data/abc_data/meshes/58.obj
453,../../data/abc_data/pclouds/59.npy,../../data/abc_data/sdfs/59.npy,../../data/abc_data/normals/59.npy,../../data/abc_data/orig_points/59.npy,../../data/abc_data/meshes/59.obj
454,../../data/abc_data/pclouds/6.npy,../../data/abc_data/sdfs/6.npy,../../data/abc_data/normals/6.npy,../../data/abc_data/orig_points/6.npy,../../data/abc_data/meshes/6.obj
455,../../data/abc_data/pclouds/60.npy,../../data/abc_data/sdfs/60.npy,../../data/abc_data/normals/60.npy,../../data/abc_data/orig_points/60.npy,../../data/abc_data/meshes/60.obj
456,../../data/abc_data/pclouds/61.npy,../../data/abc_data/sdfs/61.npy,../../data/abc_data/normals/61.npy,../../data/abc_data/orig_points/61.npy,../../data/abc_data/meshes/61.obj
457,../../data/abc_data/pclouds/62.npy,../../data/abc_data/sdfs/62.npy,../../data/abc_data/normals/62.npy,../../data/abc_data/orig_points/62.npy,../../data/abc_data/meshes/62.obj
458,../../data/abc_data/pclouds/63.npy,../../data/abc_data/sdfs/63.npy,../../data/abc_data/normals/63.npy,../../data/abc_data/orig_points/63.npy,../../data/abc_data/meshes/63.obj
459,../../data/abc_data/pclouds/64.npy,../../data/abc_data/sdfs/64.npy,../../data/abc_data/normals/64.npy,../../data/abc_data/orig_points/64.npy,../../data/abc_data/meshes/64.obj
460,../../data/abc_data/pclouds/65.npy,../../data/abc_data/sdfs/65.npy,../../data/abc_data/normals/65.npy,../../data/abc_data/orig_points/65.npy,../../data/abc_data/meshes/65.obj
461,../../data/abc_data/pclouds/66.npy,../../data/abc_data/sdfs/66.npy,../../data/abc_data/normals/66.npy,../../data/abc_data/orig_points/66.npy,../../data/abc_data/meshes/66.obj
462,../../data/abc_data/pclouds/67.npy,../../data/abc_data/sdfs/67.npy,../../data/abc_data/normals/67.npy,../../data/abc_data/orig_points/67.npy,../../data/abc_data/meshes/67.obj
463,../../data/abc_data/pclouds/68.npy,../../data/abc_data/sdfs/68.npy,../../data/abc_data/normals/68.npy,../../data/abc_data/orig_points/68.npy,../../data/abc_data/meshes/68.obj
464,../../data/abc_data/pclouds/69.npy,../../data/abc_data/sdfs/69.npy,../../data/abc_data/normals/69.npy,../../data/abc_data/orig_points/69.npy,../../data/abc_data/meshes/69.obj
465,../../data/abc_data/pclouds/7.npy,../../data/abc_data/sdfs/7.npy,../../data/abc_data/normals/7.npy,../../data/abc_data/orig_points/7.npy,../../data/abc_data/meshes/7.obj
466,../../data/abc_data/pclouds/70.npy,../../data/abc_data/sdfs/70.npy,../../data/abc_data/normals/70.npy,../../data/abc_data/orig_points/70.npy,../../data/abc_data/meshes/70.obj
467,../../data/abc_data/pclouds/71.npy,../../data/abc_data/sdfs/71.npy,../../data/abc_data/normals/71.npy,../../data/abc_data/orig_points/71.npy,../../data/abc_data/meshes/71.obj
468,../../data/abc_data/pclouds/72.npy,../../data/abc_data/sdfs/72.npy,../../data/abc_data/normals/72.npy,../../data/abc_data/orig_points/72.npy,../../data/abc_data/meshes/72.obj
469,../../data/abc_data/pclouds/73.npy,../../data/abc_data/sdfs/73.npy,../../data/abc_data/normals/73.npy,../../data/abc_data/orig_points/73.npy,../../data/abc_data/meshes/73.obj
470,../../data/abc_data/pclouds/74.npy,../../data/abc_data/sdfs/74.npy,../../data/abc_data/normals/74.npy,../../data/abc_data/orig_points/74.npy,../../data/abc_data/meshes/74.obj
471,../../data/abc_data/pclouds/75.npy,../../data/abc_data/sdfs/75.npy,../../data/abc_data/normals/75.npy,../../data/abc_data/orig_points/75.npy,../../data/abc_data/meshes/75.obj
472,../../data/abc_data/pclouds/76.npy,../../data/abc_data/sdfs/76.npy,../../data/abc_data/normals/76.npy,../../data/abc_data/orig_points/76.npy,../../data/abc_data/meshes/76.obj
473,../../data/abc_data/pclouds/77.npy,../../data/abc_data/sdfs/77.npy,../../data/abc_data/normals/77.npy,../../data/abc_data/orig_points/77.npy,../../data/abc_data/meshes/77.obj
474,../../data/abc_data/pclouds/78.npy,../../data/abc_data/sdfs/78.npy,../../data/abc_data/normals/78.npy,../../data/abc_data/orig_points/78.npy,../../data/abc_data/meshes/78.obj
475,../../data/abc_data/pclouds/79.npy,../../data/abc_data/sdfs/79.npy,../../data/abc_data/normals/79.npy,../../data/abc_data/orig_points/79.npy,../../data/abc_data/meshes/79.obj
476,../../data/abc_data/pclouds/8.npy,../../data/abc_data/sdfs/8.npy,../../data/abc_data/normals/8.npy,../../data/abc_data/orig_points/8.npy,../../data/abc_data/meshes/8.obj
477,../../data/abc_data/pclouds/80.npy,../../data/abc_data/sdfs/80.npy,../../data/abc_data/normals/80.npy,../../data/abc_data/orig_points/80.npy,../../data/abc_data/meshes/80.obj
478,../../data/abc_data/pclouds/81.npy,../../data/abc_data/sdfs/81.npy,../../data/abc_data/normals/81.npy,../../data/abc_data/orig_points/81.npy,../../data/abc_data/meshes/81.obj
479,../../data/abc_data/pclouds/82.npy,../../data/abc_data/sdfs/82.npy,../../data/abc_data/normals/82.npy,../../data/abc_data/orig_points/82.npy,../../data/abc_data/meshes/82.obj
480,../../data/abc_data/pclouds/83.npy,../../data/abc_data/sdfs/83.npy,../../data/abc_data/normals/83.npy,../../data/abc_data/orig_points/83.npy,../../data/abc_data/meshes/83.obj
481,../../data/abc_data/pclouds/84.npy,../../data/abc_data/sdfs/84.npy,../../data/abc_data/normals/84.npy,../../data/abc_data/orig_points/84.npy,../../data/abc_data/meshes/84.obj
482,../../data/abc_data/pclouds/85.npy,../../data/abc_data/sdfs/85.npy,../../data/abc_data/normals/85.npy,../../data/abc_data/orig_points/85.npy,../../data/abc_data/meshes/85.obj
483,../../data/abc_data/pclouds/86.npy,../../data/abc_data/sdfs/86.npy,../../data/abc_data/normals/86.npy,../../data/abc_data/orig_points/86.npy,../../data/abc_data/meshes/86.obj
484,../../data/abc_data/pclouds/87.npy,../../data/abc_data/sdfs/87.npy,../../data/abc_data/normals/87.npy,../../data/abc_data/orig_points/87.npy,../../data/abc_data/meshes/87.obj
485,../../data/abc_data/pclouds/88.npy,../../data/abc_data/sdfs/88.npy,../../data/abc_data/normals/88.npy,../../data/abc_data/orig_points/88.npy,../../data/abc_data/meshes/88.obj
486,../../data/abc_data/pclouds/89.npy,../../data/abc_data/sdfs/89.npy,../../data/abc_data/normals/89.npy,../../data/abc_data/orig_points/89.npy,../../data/abc_data/meshes/89.obj
487,../../data/abc_data/pclouds/9.npy,../../data/abc_data/sdfs/9.npy,../../data/abc_data/normals/9.npy,../../data/abc_data/orig_points/9.npy,../../data/abc_data/meshes/9.obj
488,../../data/abc_data/pclouds/90.npy,../../data/abc_data/sdfs/90.npy,../../data/abc_data/normals/90.npy,../../data/abc_data/orig_points/90.npy,../../data/abc_data/meshes/90.obj
489,../../data/abc_data/pclouds/91.npy,../../data/abc_data/sdfs/91.npy,../../data/abc_data/normals/91.npy,../../data/abc_data/orig_points/91.npy,../../data/abc_data/meshes/91.obj
490,../../data/abc_data/pclouds/92.npy,../../data/abc_data/sdfs/92.npy,../../data/abc_data/normals/92.npy,../../data/abc_data/orig_points/92.npy,../../data/abc_data/meshes/92.obj
491,../../data/abc_data/pclouds/93.npy,../../data/abc_data/sdfs/93.npy,../../data/abc_data/normals/93.npy,../../data/abc_data/orig_points/93.npy,../../data/abc_data/meshes/93.obj
492,../../data/abc_data/pclouds/94.npy,../../data/abc_data/sdfs/94.npy,../../data/abc_data/normals/94.npy,../../data/abc_data/orig_points/94.npy,../../data/abc_data/meshes/94.obj
493,../../data/abc_data/pclouds/95.npy,../../data/abc_data/sdfs/95.npy,../../data/abc_data/normals/95.npy,../../data/abc_data/orig_points/95.npy,../../data/abc_data/meshes/95.obj
494,../../data/abc_data/pclouds/96.npy,../../data/abc_data/sdfs/96.npy,../../data/abc_data/normals/96.npy,../../data/abc_data/orig_points/96.npy,../../data/abc_data/meshes/96.obj
495,../../data/abc_data/pclouds/97.npy,../../data/abc_data/sdfs/97.npy,../../data/abc_data/normals/97.npy,../../data/abc_data/orig_points/97.npy,../../data/abc_data/meshes/97.obj
496,../../data/abc_data/pclouds/98.npy,../../data/abc_data/sdfs/98.npy,../../data/abc_data/normals/98.npy,../../data/abc_data/orig_points/98.npy,../../data/abc_data/meshes/98.obj
497,../../data/abc_data/pclouds/99.npy,../../data/abc_data/sdfs/99.npy,../../data/abc_data/normals/99.npy,../../data/abc_data/orig_points/99.npy,../../data/abc_data/meshes/99.obj
